Sequence_ID,Similarity
X00429/Unknown/Unknown/Unknown/Unknown,0.7643207855973814
OK422491/IND/water-buffalo/2013/O,0.7684124386252046
OK422490/IND/water-buffalo/Unknown/O,0.768139661756683
AH012985/KOR/Unknown/Unknown/O,0.7872340425531915
AH012984/KOR/Unknown/Unknown/O,0.7843698854337152
MZ493234/PAK/cattle/2018/A,0.7753682487725041
MZ493233/PAK/cattle/2018/A,0.7753682487725041
MZ493232/PAK/cattle/2017/A,0.7756410256410257
MH167966/UGA/cow/2015/O,0.7780960174577196
MH167965/UGA/cow/2016/O,0.7734588106928533
MH167964/UGA/cow/2015/O,0.7789143480632842
MH167963/UGA/cow/2015/O,0.7720949263502455
MH167962/UGA/cow/2015/O,0.7718221494817239
AY304994/Unknown/Unknown/Unknown/Asia-1,0.7689579923622477
OK422489/IND/water-buffalo/2013/O,0.7625477359519913
MZ090097/EGY/cattle/2018/SAT2,0.6729405346426623
MT018551/ISR/cattle/2018/Unknown,0.7816421167484997
MT018550/ISR/cattle/2018/Unknown,0.7823240589198036
MT018549/ISR/cattle/2018/Unknown,0.7815057283142389
MT018548/ISR/pig/2018/Unknown,0.7815057283142389
MH426546/Unknown/cow/Unknown/A,0.7729132569558101
MH426545/Unknown/cow/Unknown/A,0.7730496453900709
DQ533483/CHN/Unknown/1958/FMDV-Asia-1,0.7636388434260775
ON652985/VNM/cow/2015/Unknown,0.7678668848881615
ON652984/VNM/cow/2015/Unknown,0.7756410256410257
ON652983/VNM/cow/2015/Unknown,0.7759138025095472
ON652982/VNM/cow/2015/Unknown,0.7767321331151118
ON652981/VNM/cow/2015/Unknown,0.7770049099836334
ON652980/VNM/cow/2015/Unknown,0.776595744680851
ON652979/VNM/cow/2015/Unknown,0.7763229678123296
ON652978/VNM/cow/2015/Unknown,0.7768685215493726
ON652977/VNM/cow/2015/Unknown,0.7755046372067649
ON652976/VNM/cow/2015/Unknown,0.7759138025095472
ON652975/VNM/cow/2015/Unknown,0.7764593562465902
ON652974/VNM/cow/2015/Unknown,0.7755046372067649
ON652973/VNM/water-buffalo/2015/Unknown,0.776595744680851
ON652972/VNM/cow/2015/Unknown,0.7761865793780688
ON652971/VNM/cow/2015/Unknown,0.7757774140752864
ON652970/VNM/cow/2015/Unknown,0.7757774140752864
ON652969/VNM/cow/2015/Unknown,0.776050190943808
ON652968/VNM/cow/2015/Unknown,0.776595744680851
ON652967/VNM/cow/2013/Unknown,0.7764593562465902
ON652966/VNM/cow/2015/Unknown,0.7714129841789417
ON652965/VNM/cow/2015/Unknown,0.7764593562465902
MN366244/BGD/cattle/2018/Unknown,0.7740043644298964
MK341545/ARG/Unknown/Unknown/Unknown,0.7695035460992907
MK341544/ARG/Unknown/Unknown/Unknown,0.7689579923622477
JF749864/Unknown/Unknown/Unknown/Unknown,0.6788052373158756
JF749862/Unknown/Unknown/Unknown/Unknown,0.6838516093835243
JF749861/Unknown/Unknown/Unknown/Unknown,0.6760774686306601
JF749860/Unknown/Unknown/Unknown/Unknown,0.6797599563557011
JF749852/Unknown/Unknown/Unknown/Unknown,0.789961811238407
JF749851/Unknown/Unknown/Unknown/Unknown,0.789961811238407
JF749849/Unknown/Unknown/Unknown/Unknown,0.7697763229678123
JF749848/Unknown/Unknown/Unknown/Unknown,0.7692307692307693
JF749843/Unknown/Unknown/Unknown/Unknown,0.763911620294599
JF749841/Unknown/Unknown/Unknown/Unknown,0.7757774140752864
GU384683/PAK/buffalo/2008/O,0.7884615384615384
GU384682/PAK/cattle/2008/O,0.7883251500272777
KC440884/EGY/Unknown/2012/SAT-2,0.6980360065466449
KC440883/EGY/Unknown/2011/O,0.7779596290234588
KC440882/EGY/Unknown/2012/A,0.7737315875613748
KC440881/EGY/Unknown/2011/A,0.7392253136933988
HM229661/HKG/pig/2010/O,0.7888707037643208
JQ973889/CHN/cow/2010/type-O,0.7872340425531915
JQ900581/CHN/pig/Unknown/Unknown,0.7879159847244953
FJ175666/ISR/cattle/2007/O,0.7879159847244953
FJ175665/ISR/cattle/2007/O,0.7866884888161484
FJ175664/ISR/cattle/2007/O,0.7876432078559739
FJ175663/ISR/cattle/2007/O,0.78696126568467
FJ175662/ISR/cattle/2007/O,0.7873704309874523
FJ175661/ISR/goat/2007/O,0.7870976541189307
FJ461345/UGA/Unknown/2002/Unknown,0.7794599018003273
FJ461344/UGA/cow/2002/Unknown,0.7772776868521549
EF117837/PAK/cattle/2006/A,0.7700490998363339
PP273559/IND/elephant/1988/A,0.7746863066012002
OQ356346/KEN/cow/2006/A,0.766366612111293
OQ427394/ARG/cow/1993/O,0.7836879432624113
OQ356340/BRA/cow/2001/A,0.7733224222585925
OQ356349/KEN/cow/2010/A,0.7727768685215494
OQ356348/IRQ/cow/2017/A,0.778505182760502
OQ356347/EGY/cow/2008/A,0.7647299509001637
OQ356345/ARG/cow/2006/A,0.7712765957446809
OQ356344/URY/cow/2006/A,0.772367703218767
OQ356343/ARG/cow/2003/A,0.770594653573377
OQ356342/ARG/cow/2001/A,0.7695035460992907
OQ356341/BRA/cow/1970/A,0.7704582651391162
OQ256242/ISR/cow/1969/A,0.7692307692307693
OQ238686/DEU/cow/1971/A,0.7737315875613748
OQ238685/ARG/cow/1990/A,0.7740043644298964
OQ211407/Unknown/sheep/2007/O,0.7861429350791053
OQ211406/Unknown/sheep/2007/O,0.7853246044735407
OQ211405/Unknown/cattle/2007/O,0.7861429350791053
OQ211404/Unknown/cattle/2007/O,0.7866884888161484
OQ211403/Unknown/cattle/2007/O,0.7857337697763229
OQ211402/Unknown/cattle/2007/O,0.786279323513366
OQ211401/Unknown/cattle/2007/O,0.7864157119476268
OQ211400/Unknown/cattle/2007/O,0.7865521003818876
OQ211399/Unknown/gazelle/2007/O,0.7872340425531915
OQ211398/Unknown/gazelle/2007/O,0.7866884888161484
OQ211397/Unknown/sheep/2007/O,0.7860065466448445
OQ211396/Unknown/cattle/2007/O,0.7868248772504092
OQ211394/Unknown/cattle/2007/O,0.7866884888161484
OQ211393/Unknown/goat/2007/O,0.7864157119476268
OQ211392/Unknown/cattle/2007/O,0.7880523731587561
OQ211391/Unknown/cattle/2007/O,0.7876432078559739
OQ211390/Unknown/cattle/2007/O,0.7872340425531915
OQ211389/Unknown/goat/2006/O,0.7870976541189307
OQ211388/Unknown/sheep/2007/O,0.7860065466448445
OQ211387/Unknown/cattle/2007/O,0.7854609929078015
OQ211386/Unknown/cattle/2007/O,0.7877795962902346
OQ211385/Unknown/cattle/2007/O,0.7875068194217131
OQ211384/Unknown/cattle/2007/O,0.7860065466448445
OQ211383/Unknown/gazelle/2007/O,0.7868248772504092
OQ211382/Unknown/gazelle/2007/O,0.7870976541189307
OQ211381/Unknown/gazelle/2007/O,0.78696126568467
OQ211380/Unknown/cattle/2007/O,0.7854609929078015
OQ211378/Unknown/cattle/2007/O,0.7864157119476268
OQ211377/Unknown/cattle/2007/O,0.7854609929078015
OQ211376/Unknown/cattle/2007/O,0.7858701582105837
OQ211375/Unknown/sheep/2007/O,0.7858701582105837
OQ211374/Unknown/cattle/2007/O,0.7866884888161484
OQ211373/Unknown/goat/2007/O,0.7861429350791053
OQ211372/Unknown/goat/2007/O,0.786279323513366
OQ211371/Unknown/goat/2007/O,0.7853246044735407
OQ211370/Unknown/cattle/2007/O,0.7875068194217131
OQ211369/Unknown/cattle/2007/O,0.7868248772504092
OQ211367/Unknown/sheep/2007/O,0.7861429350791053
OQ211366/Unknown/sheep/2007/O,0.7858701582105837
OQ211365/Unknown/sheep/2007/O,0.7868248772504092
OQ211364/Unknown/sheep/2007/O,0.7864157119476268
OQ211363/Unknown/sheep/2007/O,0.7866884888161484
OQ211362/Unknown/sheep/2007/O,0.786279323513366
OQ211361/Unknown/sheep/2007/O,0.7860065466448445
OQ211360/Unknown/cattle/2007/O,0.7855973813420621
OQ211359/Unknown/cattle/2007/O,0.7851882160392799
OQ211358/Unknown/cattle/2007/O,0.7857337697763229
OQ211357/Unknown/cattle/2007/O,0.7855973813420621
OQ211356/Unknown/cattle/2007/O,0.7855973813420621
OQ211355/Unknown/cattle/2007/O,0.7870976541189307
OQ211354/Unknown/cattle/2007/O,0.7866884888161484
OQ211353/Unknown/sheep/2007/O,0.7864157119476268
OQ211352/Unknown/cattle/2007/O,0.7865521003818876
OQ211351/Unknown/goat/2007/O,0.7866884888161484
OQ211350/Unknown/cattle/2007/O,0.7864157119476268
OQ211349/Unknown/sheep/2007/O,0.7861429350791053
OQ557397/ETH/cow/2022/SAT2,0.7086743044189853
OQ557396/ETH/cattle/1991/SAT2,0.7032187670485542
OQ457195/NER/cattle/2020/Unknown,0.7452264048008729
OQ457194/NER/cattle/2020/Unknown,0.7449536279323513
OQ457193/NER/cattle/2020/Unknown,0.7452264048008729
OQ457192/NER/cattle/2020/Unknown,0.7449536279323513
OQ457191/NER/cattle/2020/Unknown,0.7450900163666121
OQ457189/NER/cattle/2020/Unknown,0.7450900163666121
OQ457188/NER/cattle/2020/Unknown,0.7450900163666121
OQ457186/NER/cattle/2020/Unknown,0.7446808510638298
OQ457185/NER/cattle/2020/Unknown,0.7446808510638298
OQ457184/NER/cattle/2020/Unknown,0.7446808510638298
OQ745961/THA/cattle/2016/A,0.7727768685215494
OQ401874/NER/cattle/2020/SAT2,0.6976268412438625
OQ401873/NER/cattle/2020/SAT2,0.697354064375341
OQ401872/NER/cattle/2020/SAT2,0.6978996181123841
OQ401871/NER/cattle/2020/SAT2,0.6972176759410802
OQ401870/NER/cattle/2020/SAT2,0.6903982542280415
OQ401869/NER/cattle/2020/SAT2,0.6969448990725586
OQ401868/NER/cattle/2020/SAT2,0.6970812875068194
OQ401867/NER/cattle/2020/SAT2,0.6976268412438625
OQ401866/NER/cattle/2020/SAT2,0.6972176759410802
OQ401865/NER/cattle/2020/SAT2,0.6980360065466449
LC771233/IRQ/water-buffalo/2023/A,0.7551827605019095
LC770123/IRQ/cattle/2023/SAT1,0.71126568466994
OP957418/BGD/cattle/2021/O,0.7864157119476268
ON868623/VNM/pig/2017/O,0.7332242225859247
ON868622/VNM/pig/2017/O,0.73063284233497
ON868621/VNM/cow/2017/A,0.7715493726132024
ON868620/VNM/pig/2019/O,0.7718221494817239
ON868619/VNM/pig/2019/O,0.7715493726132024
ON868618/VNM/pig/2019/O,0.7719585379159847
ON868617/VNM/pig/2019/O,0.7720949263502455
ON868616/VNM/pig/2018/O,0.7720949263502455
ON868615/VNM/pig/2018/O,0.772367703218767
ON868614/VNM/pig/2019/O,0.7716857610474632
ON868613/VNM/pig/2019/O,0.7722313147845062
ON868612/VNM/pig/2019/O,0.7725040916530278
ON868611/VNM/pig/2018/O,0.7719585379159847
ON868610/VNM/pig/2019/O,0.7720949263502455
ON868609/VNM/pig/2019/O,0.772367703218767
ON868608/VNM/pig/2019/O,0.7726404800872886
ON868607/VNM/pig/2019/O,0.7727768685215494
ON868606/VNM/pig/2019/O,0.7711402073104201
ON868605/VNM/pig/2019/O,0.7714129841789417
ON868604/VNM/pig/2018/O,0.7711402073104201
ON868603/VNM/pig/2018/O,0.7726404800872886
ON868602/VNM/pig/2019/O,0.7711402073104201
ON868601/VNM/pig/2018/O,0.7711402073104201
ON868600/VNM/pig/2018/O,0.7730496453900709
ON868599/VNM/pig/2019/O,0.7712765957446809
ON868598/VNM/pig/2018/O,0.7718221494817239
ON868597/VNM/pig/2019/O,0.7707310420076378
ON868596/VNM/pig/2018/O,0.7711402073104201
ON868595/VNM/pig/2018/O,0.7711402073104201
ON868594/VNM/pig/2019/O,0.772367703218767
ON868593/VNM/pig/2018/O,0.7718221494817239
ON868592/VNM/pig/2018/O,0.7726404800872886
ON868591/VNM/pig/2019/O,0.7714129841789417
ON868590/VNM/pig/2019/O,0.7715493726132024
ON868589/VNM/pig/2019/O,0.7712765957446809
ON868588/VNM/water-buffalo/2018/O,0.7801418439716312
ON868587/VNM/cow/2017/O,0.7831423895253683
ON868586/VNM/cow/2017/O,0.7857337697763229
ON868585/VNM/Unknown/2018/O,0.7817785051827605
ON868584/VNM/cow/2017/O,0.782733224222586
ON868583/VNM/Unknown/2018/O,0.7823240589198036
ON868582/VNM/cow/2018/O,0.784506273867976
ON868581/VNM/cow/2018/O,0.7885979268957992
ON868580/VNM/cow/2017/O,0.7858701582105837
ON868579/VNM/cow/2017/O,0.7864157119476268
ON868578/VNM/cow/2019/O,0.7940534642662302
ON868577/VNM/Unknown/2018/O,0.78873431533006
ON868576/VNM/Unknown/2018/O,0.7890070921985816
ON868575/VNM/Unknown/2018/O,0.7921440261865794
ON868574/VNM/cow/2018/O,0.7891434806328423
ON868573/VNM/Unknown/2019/O,0.7870976541189307
ON868572/VNM/cow/2019/O,0.7939170758319695
ON868571/VNM/cow/2018/O,0.78873431533006
ON868570/VNM/Unknown/2019/O,0.7879159847244953
ON868569/VNM/water-buffalo/2018/O,0.7881887615930169
ON868568/VNM/cow/2018/O,0.7892798690671031
ON868567/VNM/water-buffalo/2018/O,0.7885979268957992
ON868566/VNM/cow/2018/O,0.7884615384615384
ON868565/VNM/cow/2019/O,0.7876432078559739
ON868564/VNM/cow/2018/O,0.7894162575013639
ON868563/VNM/water-buffalo/2018/O,0.7895526459356247
ON868562/VNM/cow/2019/O,0.7914620840152755
ON868561/VNM/cow/2019/O,0.7896890343698855
ON868560/VNM/cow/2018/O,0.789961811238407
ON868559/VNM/Unknown/2018/O,0.7910529187124932
ON868558/VNM/cow/2019/O,0.7917348608837971
ON868557/VNM/water-buffalo/2018/O,0.7888707037643208
ON868556/VNM/cow/2019/O,0.789961811238407
ON868555/VNM/cow/2018/O,0.7890070921985816
ON868554/VNM/pig/2018/O,0.7804146208401528
ON868553/VNM/cow/2019/O,0.7873704309874523
ON868552/VNM/pig/2019/O,0.7885979268957992
ON868551/VNM/cow/2018/O,0.7896890343698855
ON868550/VNM/Unknown/2018/O,0.791189307146754
ON868549/VNM/cow/2018/O,0.79050736497545
ON868548/VNM/cow/2018/O,0.7921440261865794
ON868547/VNM/cow/2018/O,0.7900981996726678
ON868546/VNM/Unknown/2018/O,0.7890070921985816
ON868545/VNM/cow/2018/O,0.7895526459356247
ON868544/VNM/Unknown/2018/O,0.7888707037643208
ON868543/VNM/Unknown/2018/O,0.7930987452264048
ON868542/VNM/pig/2018/O,0.7914620840152755
ON868541/VNM/Unknown/2018/O,0.789961811238407
ON868540/VNM/water-buffalo/2018/O,0.7902345881069285
ON868539/VNM/cow/2018/O,0.7895526459356247
ON868538/VNM/cow/2018/O,0.7896890343698855
ON868537/VNM/Unknown/2018/O,0.7891434806328423
ON868536/VNM/cow/2018/O,0.7918712493180579
ON868535/VNM/Unknown/2018/O,0.7884615384615384
ON868534/VNM/Unknown/2018/O,0.7903709765411893
ON868533/VNM/Unknown/2018/O,0.7907801418439716
ON868532/VNM/Unknown/2018/O,0.7902345881069285
ON868531/VNM/Unknown/2018/O,0.7876432078559739
ON868530/VNM/Unknown/2018/O,0.78873431533006
ON868529/VNM/cow/2018/O,0.7898254228041462
ON868528/VNM/pig/2018/O,0.7907801418439716
ON868527/VNM/cow/2018/O,0.791189307146754
ON868526/VNM/cow/2018/O,0.7910529187124932
ON868525/VNM/water-buffalo/2018/O,0.7907801418439716
ON868524/VNM/cow/2018/O,0.7909165302782324
ON868523/VNM/cow/2017/O,0.792416803055101
ON868522/VNM/cow/2017/O,0.792416803055101
ON868521/VNM/pig/2018/O,0.7907801418439716
ON868520/VNM/cow/2017/O,0.7921440261865794
ON868519/VNM/cow/2017/O,0.792416803055101
ON557390/ZMB/cow/2015/SAT3,0.6751227495908347
OP751924/IDN/cattle/2022/Unknown,0.7842334969994544
ON784047/UGA/cow/2015/O,0.7815057283142389
ON784046/UGA/cow/2015/O,0.7793235133660665
ON784045/UGA/cow/2015/O,0.7801418439716312
ON736860/UGA/cow/2015/O,0.7838243316966721
OM863584/SDN/cattle/2013/SAT2,0.6925804691762139
OM863583/KEN/cattle/2013/SAT1,0.6807146753955264
OM863582/KEN/cattle/2010/SAT1,0.6778505182760501
OM863581/KEN/cattle/2012/A,0.7678668848881615
OM863580/EGY/cattle/2012/A,0.7392253136933988
LC729872/THA/pig/2016/O,0.7839607201309329
LC729871/THA/cow/2016/O,0.7840971085651937
LC729870/THA/cow/2016/O,0.784506273867976
OP585403/IDN/cattle/2022/O,0.7851882160392799
OM160625/DZA/sheep/2015/Unknown,0.7864157119476268
OM160624/DZA/cattle/2014/Unknown,0.7868248772504092
OM160623/DZA/cattle/2014/Unknown,0.7876432078559739
OM160622/DZA/cattle/2014/Unknown,0.7875068194217131
OM160621/DZA/cattle/2014/Unknown,0.7876432078559739
OM160620/TUN/cattle/2014/Unknown,0.7868248772504092
OM160619/TUN/cattle/2014/Unknown,0.7873704309874523
OM160618/TUN/cattle/2014/Unknown,0.7875068194217131
OM160617/TUN/cattle/2014/Unknown,0.7876432078559739
OM160616/TUN/cattle/2014/Unknown,0.7875068194217131
OM160615/TUN/cattle/2014/Unknown,0.7877795962902346
OM160614/TUN/cattle/2014/Unknown,0.7881887615930169
OM160613/TUN/cattle/2014/Unknown,0.7883251500272777
OM160612/TUN/cattle/2014/Unknown,0.7888707037643208
OM160611/TUN/cattle/2014/Unknown,0.7885979268957992
OM160610/TUN/cattle/2014/Unknown,0.7885979268957992
OK318551/VNM/cattle/2016/Unknown,0.7809601745771959
OK318550/VNM/cattle/2017/Unknown,0.7858701582105837
OK318549/VNM/cattle/2017/Unknown,0.786279323513366
OK318548/VNM/buffalo/2017/Unknown,0.7918712493180579
OK318547/VNM/cattle/2017/Unknown,0.7913256955810147
OK318546/VNM/buffalo/2017/Unknown,0.7794599018003273
OK318545/VNM/cattle/2018/Unknown,0.7907801418439716
OK318544/VNM/cattle/2018/Unknown,0.78873431533006
OK318543/VNM/pig/2019/Unknown,0.7718221494817239
OK318542/VNM/pig/2019/Unknown,0.7725040916530278
OK318541/VNM/pig/2019/Unknown,0.7714129841789417
OK318540/VNM/pig/2019/Unknown,0.7720949263502455
OK318539/VNM/pig/2019/Unknown,0.7712765957446809
OK318538/VNM/pig/2019/Unknown,0.7716857610474632
OK318537/VNM/pig/2019/Unknown,0.7718221494817239
OK318536/VNM/cattle/2018/Unknown,0.7894162575013639
OK318535/VNM/pig/2019/Unknown,0.7333606110201855
OK318534/VNM/pig/2019/Unknown,0.7727768685215494
OK318533/VNM/pig/2019/Unknown,0.7712765957446809
OK318532/VNM/pig/2018/Unknown,0.7730496453900709
OK318531/VNM/pig/2018/Unknown,0.7716857610474632
OK318530/VNM/pig/2018/Unknown,0.7718221494817239
OK318529/VNM/pig/2018/Unknown,0.7718221494817239
OK318528/VNM/pig/2018/Unknown,0.7716857610474632
OK318527/VNM/pig/2018/Unknown,0.7714129841789417
OK318526/VNM/buffalo/2018/Unknown,0.7865521003818876
OK318525/VNM/pig/2018/Unknown,0.7722313147845062
OK318524/VNM/pig/2018/Unknown,0.7725040916530278
OK318523/VNM/pig/2018/Unknown,0.7880523731587561
OK318522/VNM/pig/2018/Unknown,0.7715493726132024
OK318521/VNM/pig/2018/Unknown,0.7347244953627933
OK318520/VNM/pig/2018/Unknown,0.7711402073104201
OK318519/VNM/cattle/2018/Unknown,0.7898254228041462
OK318518/VNM/goat/2018/Unknown,0.789961811238407
OK318517/VNM/cattle/2018/Unknown,0.7898254228041462
OK318516/VNM/cattle/2018/Unknown,0.7891434806328423
OK318515/VNM/pig/2018/Unknown,0.7334969994544462
OK318514/VNM/cattle/2018/Unknown,0.7910529187124932
OK318513/VNM/pig/2018/Unknown,0.7339061647572286
OK318512/VNM/pig/2018/Unknown,0.7718221494817239
OK318511/VNM/pig/2018/Unknown,0.7720949263502455
OK318510/VNM/cattle/2019/Unknown,0.7688216039279869
OK318509/VNM/cattle/2019/Unknown,0.7726404800872886
OK318508/VNM/cattle/2019/Unknown,0.7727768685215494
OK318507/VNM/cattle/2019/Unknown,0.772367703218767
OK318506/VNM/cattle/2019/Unknown,0.7722313147845062
OK318505/VNM/cattle/2019/Unknown,0.7715493726132024
OK318504/VNM/cattle/2019/Unknown,0.7718221494817239
OK318503/VNM/cattle/2019/Unknown,0.7715493726132024
OK318502/VNM/cattle/2019/Unknown,0.7712765957446809
OK318501/VNM/cattle/2019/Unknown,0.7711402073104201
OK318500/VNM/cattle/2017/Unknown,0.777823240589198
OK318499/VNM/cattle/2016/Unknown,0.7730496453900709
OK205907/VNM/cattle/2014/Unknown,0.774822695035461
OK205906/VNM/cattle/2013/Unknown,0.7768685215493726
OK205905/VNM/cattle/2014/Unknown,0.7712765957446809
OK205904/VNM/cattle/2014/Unknown,0.776595744680851
OK205903/VNM/pig/2014/Unknown,0.776050190943808
OK205902/VNM/cattle/2014/Unknown,0.7763229678123296
OK205901/VNM/buffalo/2014/Unknown,0.7771412984178941
OK205900/VNM/cattle/2015/Unknown,0.7753682487725041
OK205899/VNM/cattle/2015/Unknown,0.7761865793780688
OK205898/VNM/cattle/2013/Unknown,0.7768685215493726
OK205897/VNM/pig/2015/Unknown,0.7756410256410257
OK205896/VNM/cattle/2014/Unknown,0.774822695035461
OK205895/VNM/cattle/2014/Unknown,0.7756410256410257
OK205894/VNM/buffalo/2014/Unknown,0.7761865793780688
OK205893/VNM/cattle/2013/Unknown,0.7759138025095472
OM456150/PAK/buffalo/2010/Unknown,0.7906437534097108
OM456149/PAK/cattle/2012/Unknown,0.7872340425531915
OM456148/PAK/buffalo/2012/Unknown,0.7875068194217131
OM456147/PAK/cattle/2011/Unknown,0.7900981996726678
OM456146/PAK/cattle/2010/Unknown,0.7921440261865794
OM456145/PAK/buffalo/2010/Unknown,0.7921440261865794
OM456144/PAK/cattle/2010/Unknown,0.7909165302782324
OM456143/PAK/buffalo/2012/Unknown,0.7865521003818876
OM456142/PAK/buffalo/2011/Unknown,0.7945990180032734
OM456141/PAK/buffalo/2011/Unknown,0.794735406437534
OM456140/PAK/buffalo/2011/Unknown,0.7944626295690126
OM456139/PAK/buffalo/2011/Unknown,0.7890070921985816
OM456138/PAK/buffalo/2009/Unknown,0.7943262411347518
OM456137/PAK/cattle/2012/Unknown,0.7888707037643208
OM456136/PAK/buffalo/2012/Unknown,0.7860065466448445
OM456135/PAK/cattle/2012/Unknown,0.7868248772504092
OM456134/PAK/cattle/2012/Unknown,0.7866884888161484
OM456133/PAK/cattle/2012/Unknown,0.7872340425531915
OM456132/PAK/buffalo/2012/Unknown,0.79050736497545
OM456131/PAK/buffalo/2012/Unknown,0.7873704309874523
OM456130/PAK/buffalo/2012/Unknown,0.7872340425531915
OM456129/PAK/buffalo/2012/Unknown,0.7879159847244953
OM456128/PAK/buffalo/2012/Unknown,0.7879159847244953
OM455484/PAK/buffalo/2012/Unknown,0.776050190943808
OM455483/PAK/cattle/2012/Unknown,0.776050190943808
OM455482/PAK/cattle/2009/Unknown,0.7776868521549373
OM455481/PAK/buffalo/2012/Unknown,0.7804146208401528
OM455480/PAK/cattle/2008/Unknown,0.7776868521549373
OM455479/PAK/cattle/2012/Unknown,0.776050190943808
OM455478/PAK/buffalo/2012/Unknown,0.7752318603382433
OM455477/PAK/buffalo/2012/Unknown,0.7753682487725041
OM455476/PAK/buffalo/2012/Unknown,0.774822695035461
OM455475/PAK/buffalo/2012/Unknown,0.7768685215493726
OM455474/PAK/buffalo/2012/Unknown,0.7764593562465902
OM455473/PAK/buffalo/2012/Unknown,0.7718221494817239
OM455472/PAK/buffalo/2012/Unknown,0.7770049099836334
OM455471/PAK/buffalo/2012/Unknown,0.776595744680851
OM455470/PAK/buffalo/2012/Unknown,0.776595744680851
OM455469/PAK/buffalo/2012/Unknown,0.7730496453900709
OM455468/PAK/buffalo/2012/Unknown,0.7692307692307693
OM455467/PAK/buffalo/2012/Unknown,0.7774140752864157
OM455466/PAK/buffalo/2012/Unknown,0.7753682487725041
OM455465/PAK/buffalo/2012/Unknown,0.7750954719039825
OM471680/PAK/buffalo/2012/Unknown,0.7742771412984178
OM471679/PAK/cattle/2012/Unknown,0.7734588106928533
OM471678/PAK/cattle/2012/Unknown,0.7734588106928533
OM471677/PAK/buffalo/2012/Unknown,0.7750954719039825
OM471676/PAK/cattle/2011/Unknown,0.7787779596290234
OM471675/PAK/cattle/2011/Unknown,0.7779596290234588
OM471674/PAK/cattle/2011/Unknown,0.7779596290234588
OM471673/PAK/cattle/2012/Unknown,0.7746863066012002
OM471672/PAK/cattle/2012/Unknown,0.7731860338243317
OM471671/PAK/cattle/2012/Unknown,0.7731860338243317
OM471670/PAK/buffalo/2012/Unknown,0.7745499181669394
OM471669/PAK/cattle/2012/Unknown,0.7740043644298964
OM471668/PAK/cattle/2012/Unknown,0.7740043644298964
OM471667/PAK/buffalo/2011/Unknown,0.7789143480632842
OM471666/PAK/buffalo/2011/Unknown,0.7786415711947627
OM471665/PAK/buffalo/2011/Unknown,0.7787779596290234
OM471664/PAK/buffalo/2011/Unknown,0.778505182760502
OM471663/PAK/cattle/2012/Unknown,0.7756410256410257
OM471662/PAK/cattle/2012/Unknown,0.7756410256410257
OM471661/PAK/cattle/2012/Unknown,0.7752318603382433
OM471660/PAK/buffalo/2012/Unknown,0.774822695035461
OM471659/PAK/cattle/2012/Unknown,0.7740043644298964
OM471658/PAK/buffalo/2012/Unknown,0.7746863066012002
OM471657/PAK/buffalo/2012/Unknown,0.7757774140752864
OM471656/PAK/buffalo/2012/Unknown,0.7756410256410257
OM471655/PAK/buffalo/2012/Unknown,0.7749590834697218
OM471654/PAK/buffalo/2012/Unknown,0.7750954719039825
OM471653/PAK/buffalo/2012/Unknown,0.774822695035461
OM471652/PAK/buffalo/2012/Unknown,0.7746863066012002
OM471651/PAK/buffalo/2012/Unknown,0.7746863066012002
OM471650/PAK/buffalo/2012/Unknown,0.7755046372067649
OM471649/PAK/buffalo/2012/Unknown,0.7746863066012002
OM471648/PAK/buffalo/2012/Unknown,0.7750954719039825
OM471647/PAK/buffalo/2012/Unknown,0.7738679759956356
OM471646/PAK/buffalo/2012/Unknown,0.774822695035461
OM471645/PAK/buffalo/2012/Unknown,0.7746863066012002
OM471644/PAK/buffalo/2012/Unknown,0.7750954719039825
OM471643/PAK/buffalo/2012/Unknown,0.7746863066012002
OM471642/PAK/buffalo/2012/Unknown,0.7750954719039825
OM471641/PAK/buffalo/2012/Unknown,0.7750954719039825
OM471640/PAK/buffalo/2012/Unknown,0.7749590834697218
OM471639/PAK/buffalo/2012/Unknown,0.7749590834697218
OM471638/PAK/buffalo/2012/Unknown,0.7749590834697218
OM471637/PAK/buffalo/2012/Unknown,0.7750954719039825
OM471636/PAK/buffalo/2012/Unknown,0.776050190943808
OM471635/PAK/buffalo/2012/Unknown,0.7761865793780688
OM471634/PAK/buffalo/2012/Unknown,0.7763229678123296
OM471633/PAK/buffalo/2012/Unknown,0.776050190943808
OM471632/PAK/buffalo/2012/Unknown,0.7761865793780688
OM471631/PAK/buffalo/2012/Unknown,0.7759138025095472
OM471630/PAK/buffalo/2012/Unknown,0.7746863066012002
OM471629/PAK/buffalo/2012/Unknown,0.776595744680851
OM471628/PAK/buffalo/2012/Unknown,0.776595744680851
OM471627/PAK/buffalo/2012/Unknown,0.7757774140752864
OM471626/PAK/buffalo/2012/Unknown,0.7757774140752864
OM471625/PAK/buffalo/2012/Unknown,0.7756410256410257
OM471624/PAK/buffalo/2012/Unknown,0.7753682487725041
OM471623/PAK/buffalo/2012/Unknown,0.7757774140752864
OM471622/PAK/buffalo/2012/Unknown,0.776050190943808
OM471621/PAK/buffalo/2012/Unknown,0.7764593562465902
OM471620/PAK/buffalo/2012/Unknown,0.7761865793780688
OM471619/PAK/buffalo/2012/Unknown,0.7759138025095472
OM471618/PAK/buffalo/2012/Unknown,0.7761865793780688
OM471617/PAK/buffalo/2012/Unknown,0.7759138025095472
OM471616/PAK/buffalo/2012/Unknown,0.7767321331151118
OM471615/PAK/buffalo/2012/Unknown,0.7746863066012002
OM471614/PAK/buffalo/2012/Unknown,0.7764593562465902
OM471613/PAK/buffalo/2012/Unknown,0.7767321331151118
OM471612/PAK/buffalo/2012/Unknown,0.7761865793780688
OM471611/PAK/buffalo/2012/Unknown,0.7753682487725041
OM471610/PAK/buffalo/2011/Unknown,0.776595744680851
OM022649/NER/cattle/2017/O,0.7461811238406983
OM022648/NER/cattle/2017/O,0.7461811238406983
OM022647/NER/cattle/2017/O,0.7175395526459356
OM022646/NER/cattle/2017/O,0.7469994544462629
OM022645/NER/cattle/2017/O,0.6803055100927441
OM022644/NER/cattle/2017/O,0.7471358428805237
OM022643/NER/cattle/2017/O,0.7459083469721768
OM022642/NER/cattle/2018/O,0.7464539007092199
OK019689/IRN/cow/2016/O,0.7839607201309329
MG334583/IRQ/cow/2009/A,0.7786415711947627
MT495500/Unknown/cow/Unknown/O,0.7838243316966721
MT495499/Unknown/cow/Unknown/O,0.7836879432624113
MT495498/Unknown/cow/Unknown/O,0.7836879432624113
MT495497/Unknown/cow/Unknown/O,0.7843698854337152
MT495496/Unknown/cow/Unknown/O,0.784506273867976
MT495495/Unknown/cow/Unknown/O,0.7846426623022368
MT495494/Unknown/cow/Unknown/O,0.784506273867976
MT495493/Unknown/cow/Unknown/O,0.7846426623022368
MT495492/Unknown/cow/Unknown/O,0.7846426623022368
MT495491/Unknown/cow/Unknown/O,0.7836879432624113
MT495490/Unknown/cow/Unknown/O,0.7839607201309329
MT495489/Unknown/cow/Unknown/O,0.7842334969994544
MT495488/Unknown/cow/Unknown/O,0.7842334969994544
MT495487/Unknown/cow/Unknown/O,0.7843698854337152
MT495486/Unknown/cow/Unknown/O,0.7846426623022368
MT495485/Unknown/cow/Unknown/O,0.784506273867976
MT495484/Unknown/cow/Unknown/O,0.7846426623022368
MT495483/Unknown/cow/Unknown/O,0.784506273867976
MT495482/Unknown/cow/Unknown/O,0.7843698854337152
MT495481/Unknown/cow/Unknown/O,0.7846426623022368
MT495480/Unknown/cow/Unknown/O,0.784506273867976
MT495479/Unknown/cow/Unknown/O,0.7846426623022368
MT495478/Unknown/cow/Unknown/O,0.7857337697763229
MT495477/Unknown/cow/Unknown/O,0.7855973813420621
MT495476/Unknown/cow/Unknown/A,0.7733224222585925
MT495475/Unknown/cow/Unknown/A,0.7733224222585925
MT495474/Unknown/cow/Unknown/A,0.7733224222585925
MT495473/Unknown/cow/Unknown/A,0.7727768685215494
MT495472/Unknown/cow/Unknown/A,0.7730496453900709
MT495471/Unknown/cow/Unknown/A,0.7715493726132024
MT495470/Unknown/cow/Unknown/A,0.7733224222585925
MT495469/Unknown/cow/Unknown/A,0.7730496453900709
MT495468/Unknown/cow/Unknown/A,0.7734588106928533
MT495467/Unknown/cow/Unknown/A,0.7734588106928533
MT495466/Unknown/cow/Unknown/A,0.7731860338243317
MT495465/Unknown/cow/Unknown/A,0.7733224222585925
MT495464/Unknown/cow/Unknown/A,0.7729132569558101
MT495463/Unknown/cow/Unknown/A,0.7729132569558101
MT495462/Unknown/cow/Unknown/A,0.7729132569558101
MT431618/Unknown/cow/Unknown/O,0.784506273867976
MT431617/Unknown/cow/Unknown/O,0.784506273867976
MT431616/Unknown/cow/Unknown/O,0.784506273867976
MT431615/Unknown/cow/Unknown/O,0.784506273867976
MT431614/Unknown/cow/Unknown/O,0.784506273867976
MT431613/Unknown/cow/Unknown/O,0.7830060010911075
MT431612/Unknown/cow/Unknown/O,0.7835515548281505
MT431611/Unknown/cow/Unknown/O,0.7838243316966721
MT431610/Unknown/cow/Unknown/O,0.7830060010911075
MT431609/Unknown/cow/Unknown/O,0.7839607201309329
MT431608/Unknown/cow/Unknown/O,0.7835515548281505
MT431607/Unknown/cow/Unknown/O,0.7839607201309329
MT431606/Unknown/cow/Unknown/O,0.784506273867976
MT431605/Unknown/cow/Unknown/O,0.784506273867976
MT431604/Unknown/cow/Unknown/O,0.784506273867976
MT431603/Unknown/cow/Unknown/O,0.784506273867976
MT431602/Unknown/cow/Unknown/O,0.7842334969994544
MT431601/Unknown/cow/Unknown/O,0.784506273867976
MT431600/Unknown/cow/Unknown/O,0.784506273867976
MT431599/Unknown/cow/Unknown/O,0.784506273867976
MT431598/Unknown/cow/Unknown/O,0.784506273867976
MT431597/Unknown/cow/Unknown/O,0.784506273867976
MT431596/Unknown/cow/Unknown/O,0.784506273867976
MT431595/Unknown/cow/Unknown/O,0.784506273867976
MT431594/Unknown/cow/Unknown/O,0.784506273867976
MT431593/Unknown/cow/Unknown/O,0.784506273867976
MT431592/Unknown/cow/Unknown/O,0.784506273867976
MT431591/Unknown/cow/Unknown/O,0.784506273867976
MW355679/ZWE/african-buffalo/1990/SAT3,0.6773049645390071
MW355678/ZMB/african-buffalo/1996/SAT3,0.6734860883797054
MW355677/ZAF/cattle/1979/SAT3,0.676759410801964
MW355676/ZWE/cattle/1976/SAT3,0.6773049645390071
MW355674/BWA/cattle/1967/SAT3,0.6703491543917076
MW355673/ZWE/cattle/1989/SAT2,0.67430441898527
MW355671/MOZ/Unknown/1970/SAT2,0.6747135842880524
MW355669/ZMB/cattle/1988/SAT1,0.675531914893617
MW355668/TZA/cattle/1980/SAT1,0.6771685761047463
MT412377/Unknown/cow/Unknown/A,0.7731860338243317
MT412376/Unknown/cow/Unknown/A,0.7722313147845062
MT412375/Unknown/cow/Unknown/A,0.7722313147845062
MT412374/Unknown/cow/Unknown/A,0.772367703218767
MT412373/Unknown/cow/Unknown/A,0.7734588106928533
MT412372/Unknown/cow/Unknown/A,0.7725040916530278
MT412371/Unknown/cow/Unknown/A,0.7733224222585925
MT412370/Unknown/cow/Unknown/A,0.7731860338243317
MT412369/Unknown/cow/Unknown/A,0.772367703218767
MT412368/Unknown/cow/Unknown/A,0.7725040916530278
MT412367/Unknown/cow/Unknown/A,0.7730496453900709
MT412366/Unknown/cow/Unknown/A,0.7731860338243317
MT412365/Unknown/cow/Unknown/A,0.7730496453900709
MT412364/Unknown/cow/Unknown/A,0.7729132569558101
MT412363/Unknown/cow/Unknown/A,0.7731860338243317
MT412362/Unknown/cow/Unknown/A,0.772367703218767
MT412361/Unknown/cow/Unknown/A,0.7729132569558101
MT412360/Unknown/cow/Unknown/A,0.7730496453900709
MT412359/Unknown/cow/Unknown/A,0.7729132569558101
MT412358/Unknown/cow/Unknown/A,0.7730496453900709
MT412357/Unknown/cow/Unknown/A,0.7731860338243317
MT412356/Unknown/cow/Unknown/A,0.7722313147845062
MT412355/Unknown/cow/Unknown/A,0.7730496453900709
MT412354/Unknown/cow/Unknown/A,0.7730496453900709
MT412353/Unknown/cow/Unknown/A,0.7730496453900709
MT412352/Unknown/cow/Unknown/A,0.7730496453900709
MT412351/Unknown/cow/Unknown/A,0.7733224222585925
MT412350/Unknown/cow/Unknown/A,0.7730496453900709
MT412349/Unknown/cow/Unknown/A,0.7729132569558101
MT412348/Unknown/cow/Unknown/A,0.7725040916530278
MT412347/Unknown/cow/Unknown/A,0.7730496453900709
MT412346/Unknown/cow/Unknown/A,0.7729132569558101
MT412345/Unknown/cow/Unknown/A,0.7731860338243317
MT412344/Unknown/cow/Unknown/A,0.7731860338243317
MT412343/Unknown/cow/Unknown/A,0.7731860338243317
MT412342/Unknown/cow/Unknown/A,0.7729132569558101
MT412341/Unknown/cow/Unknown/A,0.7727768685215494
LC564923/THA/cow/2016/A,0.7731860338243317
LC564922/THA/cow/2016/A,0.7708674304418985
LC564921/THA/cow/2016/A,0.7718221494817239
LC564920/THA/cow/2015/A,0.7719585379159847
LC564919/THA/cow/2015/A,0.7719585379159847
LC564918/THA/cow/2015/A,0.7725040916530278
LC564917/THA/cow/2015/A,0.7711402073104201
LC564916/THA/cow/2014/A,0.7731860338243317
LC564915/THA/cow/2014/A,0.7746863066012002
LC564914/THA/cow/2014/A,0.7756410256410257
LC564913/THA/cow/2013/A,0.7660938352427714
LC564912/THA/cow/2013/A,0.7745499181669394
LC564911/THA/cow/2013/A,0.7770049099836334
LC564909/THA/cow/2012/A,0.7701854882705946
LC564908/THA/cow/2012/A,0.7744135297326786
LC564907/THA/cow/2011/A,0.7733224222585925
LC564906/THA/cow/2011/A,0.7744135297326786
LC564905/THA/cow/2011/A,0.7745499181669394
LC564904/THA/cow/2010/A,0.7746863066012002
LC564903/THA/cow/2010/A,0.7738679759956356
LC564902/THA/cow/2010/A,0.776050190943808
LC564901/THA/cow/2009/A,0.7737315875613748
LC564900/THA/cow/2009/A,0.7727768685215494
LC564898/THA/cow/2008/A,0.7752318603382433
LC564896/THA/cow/2007/A,0.7725040916530278
LC564895/THA/cow/2007/A,0.7726404800872886
LC564894/THA/cow/2007/A,0.7727768685215494
MW715629/NER/cow/2017/Unknown,0.6947626841243862
MW715628/NER/cow/2017/Unknown,0.6951718494271686
MW715627/NER/cow/2017/Unknown,0.694899072558647
MW715626/NER/cow/2017/Unknown,0.6947626841243862
MW715625/NER/cow/2017/Unknown,0.6884888161483906
MW715624/NER/cow/2017/Unknown,0.6939443535188216
MW715623/NER/cow/2017/Unknown,0.6944899072558647
MW715622/NER/cow/2018/Unknown,0.6968085106382979
KY444649/THA/pig/2016/O,0.7838243316966721
KY444648/THA/pig/2016/O,0.7839607201309329
KY444647/THA/pig/2016/O,0.7840971085651937
KY444646/THA/pig/2016/O,0.7836879432624113
KY444645/THA/pig/2016/O,0.7842334969994544
KY444644/THA/pig/2013/O,0.7816421167484997
MT944983/IRN/goat/2016/O,0.7847790507364976
MT944982/IRN/goat/2016/O,0.7847790507364976
MT944981/IRN/dog/2016/O,0.7849154391707583
MN442540/ZAF/african-buffalo/1991/Unknown,0.6747135842880524
MN442539/ZAF/african-buffalo/1991/Unknown,0.6775777414075287
MN442538/ZAF/african-buffalo/1991/Unknown,0.6775777414075287
MT602092/KEN/cattle/2017/SAT2,0.6764866339334424
MT602090/ETH/cattle/2015/SAT2,0.705264593562466
MT602089/EGY/cattle/2018/SAT2,0.697354064375341
MT602088/TZA/cattle/2014/SAT1,0.6803055100927441
MT602087/TZA/cattle/2013/SAT1,0.6786688488816148
MT602086/TZA/cattle/2012/SAT1,0.6790780141843972
MT602085/KEN/cattle/2013/SAT1,0.6804418985270049
MT602084/KEN/cattle/2018/O,0.7733224222585925
MT602081/ETH/cattle/2015/O,0.7726404800872886
MT602079/SDN/cattle/2018/A,0.7446808510638298
MT602078/ETH/cattle/2019/A,0.739088925259138
MT602077/ETH/cattle/2018/A,0.7667757774140753
MT863268/EGY/water-buffalo/2016/A,0.7565466448445172
KY322680/VNM/cattle/2013/A,0.7776868521549373
KY322679/THA/cattle/2014/A,0.7756410256410257
KY322678/MYS/cattle/2013/A,0.7692307692307693
KY322677/MYS/cattle/2013/A,0.7771412984178941
KY322676/MYS/cattle/2013/A,0.7715493726132024
KY322675/LAO/cattle/2014/A,0.7771412984178941
KY322674/KOR/pig/2014/O,0.7674577195853791
KY322673/MYS/cattle/2014/O,0.7666393889798145
KY322672/MYS/cattle/2014/O,0.7850518276050191
KY322671/MYS/cattle/2014/O,0.7834151663938898
KY322670/LAO/cattle/2013/O,0.7798690671031097
MH791293/UGA/cattle/2017/O,0.7675941080196399
MN983158/IND/cattle/2009/Unknown,0.786279323513366
MN983157/IND/cattle/2009/Unknown,0.7872340425531915
MN983156/IND/cattle/2008/Unknown,0.7842334969994544
MN983155/IND/cattle/2008/Unknown,0.7894162575013639
MN983154/IND/cattle/2005/Unknown,0.7890070921985816
MN983153/IND/cattle/2001/Unknown,0.7926895799236224
MN983152/IND/cattle/1997/Unknown,0.7884615384615384
MN953620/PAK/cattle/2019/O,0.7877795962902346
MN953619/PAK/cattle/2019/O,0.78696126568467
MN389541/CHN/pig/2010/O,0.7885979268957992
MK940253/SAU/cattle/2017/A,0.7757774140752864
MN062587/PAK/cattle/2009/A,0.7779596290234588
MN062586/AFG/cattle/2009/A,0.7740043644298964
MN062585/TUR/cattle/2010/O,0.7907801418439716
MN062583/PAK/cattle/2009/O,0.786279323513366
MN062582/PAK/buffalo/2009/O,0.7879159847244953
MN062580/IRN/cattle/2010/O,0.7937806873977087
MN062579/IRN/cattle/2010/O,0.792962356792144
MN062578/AFG/Unknown/Unknown/O,0.776595744680851
LC483874/THA/cow/2007/A,0.7727768685215494
MK088170/BGD/cattle/2016/O,0.7846426623022368
MN250318/VNM/pig/2019/O/CATHAY,0.7333606110201855
MN250317/VNM/pig/2018/O/CATHAY,0.7347244953627933
MN250316/VNM/pig/2018/O/CATHAY,0.7334969994544462
MN250315/VNM/pig/2018/O/CATHAY,0.7339061647572286
MN250314/VNM/pig/2017/O/CATHAY,0.7332242225859247
MN275121/CMR/cow/2016/Unknown,0.6773049645390071
MN275120/CMR/cow/2016/Unknown,0.6773049645390071
MN275119/CMR/cow/2016/Unknown,0.6775777414075287
MN275118/CMR/cow/2016/Unknown,0.6774413529732679
MN116688/KEN/cow/2016/Unknown,0.763911620294599
MN103523/NER/cow/2014/SAT2,0.697354064375341
MN116694/KEN/cow/2016/Unknown,0.7749590834697218
MN116693/KEN/cow/2014/Unknown,0.7734588106928533
MN116692/KEN/cow/2014/Unknown,0.6786688488816148
MN116691/KEN/cow/2016/Unknown,0.6841243862520459
MN116690/KEN/cow/2014/Unknown,0.6798963447899619
MN116689/KEN/cow/2014/Unknown,0.6807146753955264
MN095371/IND/cattle/2014/Unknown,0.7885979268957992
MN095370/IND/cattle/2014/Unknown,0.78873431533006
MN095369/IND/cattle/2014/Unknown,0.7885979268957992
MN095368/IND/cattle/2014/Unknown,0.78873431533006
MN095367/IND/cattle/2014/Unknown,0.7885979268957992
MN095366/IND/cattle/2014/Unknown,0.7885979268957992
MN095365/IND/cattle/2014/Unknown,0.7884615384615384
MN095364/IND/cattle/2014/Unknown,0.7881887615930169
MN095363/IND/cattle/2013/Unknown,0.7884615384615384
MN095362/IND/cattle/2013/Unknown,0.7883251500272777
MN095361/IND/cattle/2013/Unknown,0.7884615384615384
MN095360/IND/cattle/2013/Unknown,0.7884615384615384
MN095359/IND/cattle/2013/Unknown,0.7885979268957992
MN095358/IND/cattle/2013/Unknown,0.7884615384615384
MN095357/IND/cattle/2013/Unknown,0.7880523731587561
MN095356/IND/cattle/2013/Unknown,0.7881887615930169
MN095355/IND/cattle/2013/Unknown,0.7894162575013639
MN095354/IND/cattle/2013/Unknown,0.78873431533006
NC_039210/GBR/Unknown/Unknown/O,0.76936715766503
LC456873/GHA/cow/2018/O,0.7461811238406983
LC456871/GHA/cow/2018/O,0.7463175122749591
LC456870/GHA/cow/2018/O,0.7461811238406983
MK088171/BGD/cattle/2016/A,0.773595199127114
MK071699/BGD/cattle/2013/O,0.7902345881069285
LC438823/MMR/cow/2016/O,0.784506273867976
LC438822/MMR/cow/2016/O,0.7854609929078015
MH845413/VNM/pig/2014/O,0.7772776868521549
MF947143/VNM/cattle/2013/Unknown,0.7880523731587561
MF947142/VNM/cattle/2013/Unknown,0.7870976541189307
MF947141/VNM/pig/2012/Unknown,0.7823240589198036
MF947140/VNM/cattle/2010/Unknown,0.7782324058919804
MF947137/VNM/buffalo/2012/Unknown,0.7828696126568467
MF947132/VNM/buffalo/2015/Unknown,0.7783687943262412
MF947131/VNM/pig/2013/Unknown,0.7854609929078015
MF947130/VNM/cattle/2014/Unknown,0.782051282051282
MF947129/VNM/pig/2014/Unknown,0.7804146208401528
MF947128/VNM/cattle/2010/Unknown,0.789961811238407
MF947127/VNM/buffalo/2012/Unknown,0.7828696126568467
MF947126/VNM/pig/2011/Unknown,0.7888707037643208
MF947124/VNM/cattle/2012/Unknown,0.7854609929078015
MF947123/VNM/buffalo/2011/Unknown,0.7885979268957992
MH891503/VNM/cow/2017/Unknown,0.7840971085651937
MH784405/PAK/cattle/2017/O,0.7891434806328423
MH784404/PAK/water-buffalo/2017/O,0.7890070921985816
MH784403/PAK/cattle/2016/O,0.7880523731587561
MG983741/VNM/cattle/2016/O,0.783278777959629
MG983740/VNM/cattle/2015/O,0.7872340425531915
MG983739/ARE/cattle/2016/O,0.7876432078559739
MG983738/ARE/cattle/2016/O,0.7877795962902346
MG983737/ARE/gazelle/2014/O,0.789961811238407
MG983736/ARE/gazelle/2014/O,0.789961811238407
MG983735/TUN/unknown/2014/O,0.7884615384615384
MG983734/LKA/water-buffalo/2014/O,0.7870976541189307
MG983733/LKA/cattle/2014/O,0.7865521003818876
MG983732/LKA/cattle/2014/O,0.7881887615930169
MG983731/LKA/cattle/2013/O,0.7900981996726678
MG983730/KOR/cattle/2017/O,0.7835515548281505
MG983729/SAU/cattle/2016/O,0.7860065466448445
MG983728/SAU/cattle/2016/O,0.7855973813420621
MG983727/SAU/cattle/2015/O,0.7864157119476268
MG983726/SAU/cattle/2014/O,0.7891434806328423
MG983725/SAU/cattle/2014/O,0.7894162575013639
MG983724/SAU/cattle/2013/O,0.7898254228041462
MG983723/SAU/cattle/2013/O,0.7895526459356247
MG983722/SAU/cattle/2013/O,0.7898254228041462
MG983721/SAU/cattle/2013/O,0.789961811238407
MG983720/RUS/cattle/2016/O,0.7835515548281505
MG983719/NPL/cattle/2015/O,0.7885979268957992
MG983718/NPL/cattle/2015/O,0.7877795962902346
MG983717/NPL/cattle/2015/O,0.7888707037643208
MG983716/NPL/cattle/2014/O,0.78696126568467
MG983715/NPL/cattle/2014/O,0.7877795962902346
MG983714/NPL/pig/2013/O,0.7884615384615384
MG983713/NPL/cattle/2013/O,0.7909165302782324
MG983712/NPL/cattle/2013/O,0.7902345881069285
MG983711/NPL/cattle/2013/O,0.7880523731587561
MG983710/NPL/water-buffalo/2012/O,0.7855973813420621
MG983709/NPL/cattle/2012/O,0.7915984724495363
MG983708/NPL/cattle/2012/O,0.7913256955810147
MG983707/NPL/water-buffalo/2012/O,0.7858701582105837
MG983706/NPL/cattle/2010/O,0.7873704309874523
MG983705/NPL/cattle/2010/O,0.7879159847244953
MG983704/NPL/cattle/2008/O,0.7853246044735407
MG983703/MMR/cattle/2016/O,0.7865521003818876
MG983702/MUS/cattle/2016/O,0.7868248772504092
MG983701/MUS/cattle/2016/O,0.7866884888161484
MG983700/MUS/cattle/2016/O,0.7865521003818876
MG983699/MUS/cattle/2016/O,0.78696126568467
MG983698/MUS/cattle/2016/O,0.78696126568467
MG983697/LBY/cattle/2013/O,0.7891434806328423
MG983696/LBY/cattle/2013/O,0.78873431533006
MG983695/LBY/cattle/2013/O,0.7894162575013639
MG983694/LBY/cattle/2013/O,0.7898254228041462
MG983693/LAO/unknown/2015/O,0.7873704309874523
MG983692/IRN/cattle/2009/O,0.78696126568467
MG983691/BTN/cattle/2016/O,0.7854609929078015
MG983690/BTN/cattle/2016/O,0.7857337697763229
MG983689/BTN/cattle/2012/O,0.7850518276050191
MG983688/BTN/cattle/2009/O,0.7868248772504092
MG983687/BTN/cattle/2009/O,0.7885979268957992
MG983686/BHR/cattle/2015/O,0.78696126568467
MG983685/BHR/cattle/2015/O,0.7864157119476268
MG983684/BGD/cattle/2009/O,0.7872340425531915
MG983683/DZA/unknown/2014/O,0.7876432078559739
MG923580/DZA/cattle/2017/A,0.7397708674304418
MG923579/DZA/cattle/2017/A,0.7399072558647026
MG923578/DZA/cattle/2017/A,0.720949263502455
MG913340/DZA/cattle/2017/A,0.7399072558647026
MG372729/Unknown/Unknown/Unknown/C,0.7645935624659029
MG372728/Unknown/Unknown/Unknown/O,0.7472722313147845
MG372727/ZAF/Unknown/Unknown/SAT-3,0.6740316421167485
MF372126/IND/gayal/1994/Asia1,0.7714129841789417
MF372125/IND/gayal/2016/Asia1,0.7637752318603382
MF461724/CHN/cattle/2017/Unknown,0.7846426623022368
KY234502/CHN/pig/2015/O,0.7783687943262412
KY234501/CHN/cow/2011/O,0.7896890343698855
MH053352/ZWE/african-buffalo/1990/SAT3,0.6721222040370977
MH053351/ZWE/cattle/1984/SAT3,0.6745771958537916
MH053350/ZWE/african-buffalo/1983/SAT3,0.6774413529732679
MH053348/ZWE/cattle/1977/SAT3,0.6763502454991817
MH053347/ZWE/cattle/1976/SAT3,0.6760774686306601
MH053346/ZWE/cattle/1976/SAT3,0.6771685761047463
MH053344/ZWE/cattle/1974/SAT3,0.6766230223677032
MH053343/ZWE/cattle/1934/SAT3,0.6744408074195308
MH053338/BWA/cattle/1966/SAT3,0.6711674849972722
MH053335/ZWE/cattle/1965/SAT2,0.6708947081287506
MH053334/ZMB/cattle/1964/SAT2,0.6719858156028369
MH053333/ETH/cattle/1989/SAT2,0.6718494271685761
MH053332/BWA/african-buffalo/1974/SAT2,0.6741680305510093
MH053331/BWA/african-buffalo/1972/SAT2,0.6728041462084016
MH053328/BWA/african-buffalo/1968/SAT2,0.6733496999454446
MH053326/UGA/african-buffalo/1970/SAT1,0.6833060556464812
MH053325/UGA/cattle/1978/SAT1,0.7032187670485542
MH053324/UGA/cattle/1971/SAT1,0.7116748499727223
MH053323/TCD/cattle/1972/SAT1,0.7054009819967266
MH053322/NAM/african-buffalo/1989/SAT1,0.676759410801964
MH053321/MOZ/cattle/1981/SAT1,0.6762138570649209
MH053320/KEN/cattle/1983/SAT1,0.6763502454991817
MH053318/UGA/unknown/2002/O,0.7804146208401528
MH053317/UGA/unknown/1998/O,0.7712765957446809
MH053316/UGA/cattle/1996/O,0.7763229678123296
MH053315/SDN/unknown/1976/O,0.7755046372067649
MH053314/ETH/cattle/2007/O,0.7768685215493726
MH053313/ETH/cattle/2006/O,0.7727768685215494
MH053312/ETH/cattle/2005/O,0.7686852154937261
MH053311/ETH/cattle/2004/O,0.7761865793780688
MH053310/UGA/cattle/1970/C,0.7568194217130387
MH053309/KEN/cattle/1967/C,0.7628205128205128
MH053308/ETH/unknown/1971/C,0.7636388434260775
MH053307/ZMB/cattle/1990/A,0.7690943807965085
MH053306/TCD/cattle/1973/A,0.7553191489361702
MH053305/EGY/cattle/1972/A,0.7650027277686852
MG725876/NER/cow/2015/A,0.7416803055100928
MG725875/NER/cow/2015/A,0.7416803055100928
MG725874/NER/cow/2015/A,0.737861429350791
MG725873/NER/cow/2015/A,0.7412711402073104
MG725872/NER/cow/2013/A,0.7405891980360065
LC320038/MNG/cow/2015/O,0.7830060010911075
MF782478/BGD/cattle/2013/Asia-1,0.7690943807965085
MF678826/NER/cow/2015/SAT1,0.6796235679214403
MF678825/NER/cow/2015/SAT1,0.6797599563557011
MF678824/NER/cow/2015/SAT1,0.6790780141843972
MF678823/NER/cow/2015/SAT1,0.679214402618658
KY404935/ARG/Unknown/Unknown/A,0.76936715766503
KY404934/ARG/Unknown/Unknown/A,0.7697763229678123
MF143578/VNM/cattle/2013/Unknown,0.79050736497545
MF143577/VNM/cattle/2013/Unknown,0.7898254228041462
MF143576/VNM/cattle/2013/Unknown,0.7895526459356247
MF143575/VNM/cattle/2012/Unknown,0.7896890343698855
MF143574/VNM/cattle/2012/Unknown,0.7909165302782324
MF143573/VNM/cattle/2012/Unknown,0.7896890343698855
MF143572/VNM/cattle/2012/Unknown,0.7896890343698855
KX534089/KOR/pig/2016/O,0.7737315875613748
KY825724/ZWE/Unknown/1991/SAT2,0.6515275504637207
KY825723/MNG/Unknown/2010/O,0.7534097108565194
KY825722/CHE/Unknown/1965/C,0.7401800327332242
KY825720/EGY/Unknown/2014/SAT2,0.6778505182760501
KY825719/TUR/Unknown/1969/O,0.7650027277686852
KY825718/ISR/Unknown/1989/Asia1,0.7677304964539007
KY825717/IRQ/Unknown/1964/A,0.7464539007092199
KY072818/CHN/cattle/1959/O,0.7688216039279869
LC149720/JPN/pig/2010/O,0.7883251500272777
LC149719/JPN/cow/2010/O,0.7888707037643208
LC149718/JPN/cow/2010/O,0.7883251500272777
LC149717/JPN/cow/2010/O,0.7876432078559739
LC149716/JPN/cow/2010/O,0.7880523731587561
LC149713/JPN/cow/2010/O,0.7885979268957992
LC149712/JPN/cow/2010/O,0.7884615384615384
LC149711/JPN/cow/2010/O,0.7885979268957992
LC149710/JPN/cow/2010/O,0.7884615384615384
LC149709/JPN/cow/2010/O,0.78873431533006
LC149708/JPN/cow/2010/O,0.7885979268957992
LC149707/JPN/cow/2010/O,0.7884615384615384
LC149706/JPN/cow/2010/O,0.7880523731587561
LC149705/JPN/cow/2010/O,0.7879159847244953
LC149704/JPN/cow/2010/O,0.7881887615930169
LC149702/JPN/pig/2010/O,0.7883251500272777
LC149700/JPN/cow/2010/O,0.7885979268957992
LC149699/JPN/cow/2010/O,0.7884615384615384
LC149698/JPN/cow/2010/O,0.7884615384615384
LC149697/JPN/pig/2010/O,0.7884615384615384
LC149696/JPN/cow/2010/O,0.7883251500272777
LC149695/JPN/cow/2010/O,0.7877795962902346
LC149694/JPN/cow/2010/O,0.7885979268957992
LC149693/JPN/cow/2010/O,0.78873431533006
LC149692/JPN/pig/2010/O,0.7884615384615384
LC149690/JPN/pig/2010/O,0.7885979268957992
LC149689/JPN/cow/2010/O,0.7883251500272777
LC149688/JPN/pig/2010/O,0.7880523731587561
LC149687/JPN/cow/2010/O,0.7885979268957992
LC149686/JPN/cow/2010/O,0.7883251500272777
LC149685/JPN/cow/2010/O,0.7879159847244953
LC149684/JPN/pig/2010/O,0.78873431533006
LC149683/JPN/cow/2010/O,0.78873431533006
LC149682/JPN/cow/2010/O,0.78873431533006
LC149681/JPN/cow/2010/O,0.7884615384615384
LC149680/JPN/cow/2010/O,0.7885979268957992
LC149679/JPN/pig/2010/O,0.7885979268957992
LC149677/JPN/cow/2010/O,0.7885979268957992
LC149676/JPN/pig/2010/O,0.7888707037643208
LC149675/JPN/cow/2010/O,0.7884615384615384
LC149674/JPN/cow/2010/O,0.7884615384615384
LC149673/JPN/cow/2010/O,0.7888707037643208
LC149672/JPN/cow/2010/O,0.7884615384615384
LC149671/JPN/cow/2010/O,0.7885979268957992
LC149670/JPN/cow/2010/O,0.78873431533006
LC149669/JPN/cow/2010/O,0.7884615384615384
LC149668/JPN/cow/2010/O,0.7883251500272777
LC149667/JPN/cow/2010/O,0.7884615384615384
LC149666/JPN/cow/2010/O,0.78873431533006
LC149665/JPN/cow/2010/O,0.7885979268957992
LC149664/JPN/cow/2010/O,0.7884615384615384
LC149663/JPN/cow/2010/O,0.7884615384615384
LC149661/JPN/cow/2010/O,0.7881887615930169
LC149660/JPN/cow/2010/O,0.7885979268957992
LC149659/JPN/cow/2010/O,0.7885979268957992
LC149658/JPN/pig/2010/O,0.78873431533006
LC149657/JPN/pig/2010/O,0.7880523731587561
LC149656/JPN/cow/2010/O,0.7884615384615384
LC149655/JPN/cow/2010/O,0.7883251500272777
LC149654/JPN/cow/2010/O,0.7885979268957992
LC149653/JPN/pig/2010/O,0.7885979268957992
LC149652/JPN/pig/2010/O,0.78873431533006
LC149651/JPN/cow/2010/O,0.7884615384615384
LC149650/JPN/cow/2010/O,0.78873431533006
LC149649/JPN/pig/2010/O,0.7884615384615384
LC149648/JPN/cow/2010/O,0.78873431533006
LC149647/JPN/cow/2010/O,0.78873431533006
LC149646/JPN/pig/2010/O,0.78873431533006
LC149645/JPN/cow/2010/O,0.7885979268957992
LC149644/JPN/cow/2010/O,0.7883251500272777
LC149643/JPN/pig/2010/O,0.7885979268957992
LC149642/JPN/cow/2010/O,0.7883251500272777
LC149641/JPN/pig/2010/O,0.7885979268957992
LC149640/JPN/cow/2010/O,0.78873431533006
LC149639/JPN/pig/2010/O,0.7880523731587561
LC149638/JPN/cow/2010/O,0.7885979268957992
LC149637/JPN/pig/2010/O,0.7880523731587561
LC149636/JPN/cow/2010/O,0.78873431533006
LC149634/JPN/pig/2010/O,0.7881887615930169
LC149633/JPN/pig/2010/O,0.78873431533006
LC149632/JPN/pig/2010/O,0.7885979268957992
LC149631/JPN/cow/2010/O,0.7885979268957992
LC149629/JPN/cow/2010/O,0.7890070921985816
LC149628/JPN/pig/2010/O,0.7881887615930169
LC149627/JPN/pig/2010/O,0.78873431533006
LC149626/JPN/cow/2010/O,0.7888707037643208
LC149625/JPN/cow/2010/O,0.78873431533006
LC149624/JPN/pig/2010/O,0.7883251500272777
LC149623/JPN/cow/2010/O,0.78873431533006
LC149622/JPN/cow/2010/O,0.78873431533006
LC149621/JPN/wild-water-buffalo/2010/O,0.7888707037643208
LC149620/JPN/cow/2010/O,0.7888707037643208
LC149619/JPN/cow/2010/O,0.7885979268957992
LC149618/JPN/cow/2010/O,0.7883251500272777
LC149617/JPN/cow/2010/O,0.7890070921985816
KY446903/PAK/water-buffalo/2005/O,0.7861429350791053
KY446902/PAK/water-buffalo/2005/A,0.7775504637206765
KY446901/PAK/water-buffalo/2006/Asia-1,0.7704582651391162
KY657269/VNM/pig/2015/O,0.78696126568467
KY086466/KOR/pig/2016/O,0.772367703218767
KY086465/KOR/pig/2016/O,0.7738679759956356
KU204894/CHN/pig/2013/Unknown,0.7392253136933988
KU204893/CHN/pig/2013/Unknown,0.7329514457174031
KR401154/MMR/cattle/Unknown/O,0.7918712493180579
KR401160/KOR/cattle/Unknown/O,0.7870976541189307
KR401159/KOR/cattle/Unknown/O,0.7870976541189307
KR401158/KOR/cattle/Unknown/O,0.7883251500272777
KR401157/MMR/cattle/Unknown/O,0.7891434806328423
KR401156/MMR/cattle/Unknown/O,0.7891434806328423
KR401155/MMR/cattle/Unknown/O,0.7870976541189307
KX712091/BGD/pig/2015/O,0.7885979268957992
JN099703/IRQ/cattle/2009/A,0.7650027277686852
JN099702/IRQ/cattle/2009/A,0.7644571740316422
JN099701/IRQ/cattle/2009/A,0.763911620294599
JN099700/IRQ/cattle/2009/A,0.7643207855973814
JN099699/IRQ/cattle/2009/A,0.7795962902345881
JN099698/IRQ/cattle/2009/A,0.7787779596290234
JN099697/IRQ/cattle/2009/A,0.7800054555373704
JN099696/IRQ/cattle/2009/A,0.763911620294599
JN099695/IRQ/cattle/2009/A,0.7789143480632842
JN099694/IRQ/cattle/2009/A,0.778505182760502
JN099693/IRQ/cattle/2009/A,0.7637752318603382
JN099692/IRQ/cattle/2009/A,0.7640480087288598
JN099691/IRQ/cattle/2009/A,0.7640480087288598
JN099690/IRQ/cattle/2009/A,0.7641843971631206
JN099689/IRQ/cattle/2009/A,0.763911620294599
JN099688/IRQ/cattle/2009/A,0.7783687943262412
HM625677/UGA/cow/2006/O,0.7400436442989634
HM625676/KEN/cow/1999/O,0.741543917075832
HM625675/KEN/cow/2000/O,0.7385433715220949
HM625674/KEN/cow/1992/O,0.7459083469721768
HM625673/KEN/cow/2005/O,0.7385433715220949
KX353623/ECU/cow/2010/O,0.7111292962356792
KX375417/Unknown/Unknown/Unknown/SAT-3,0.6760774686306601
KX162590/KOR/pig/2014/O,0.7753682487725041
KU726614/GRC/sheep/1994/O,0.7809601745771959
KU821592/ZMB/cow/2009/SAT2,0.6745771958537916
KU821591/ZMB/cow/2010/O,0.7771412984178941
KU821590/NAM/cow/2010/SAT1,0.6771685761047463
KU291242/MAR/cow/2015/O,0.7836879432624113
KX002205/ARG/cattle/2001/A,0.7692307692307693
KX002204/ARG/cattle/2001/A,0.7692307692307693
KX002203/ARG/cattle/2001/A,0.7690943807965085
KX002202/ARG/cattle/2001/A,0.7690943807965085
KX002201/ARG/cattle/2001/A,0.7686852154937261
KX002200/ARG/cattle/2001/A,0.7696399345335515
KX002199/ARG/cattle/2001/A,0.7696399345335515
KX002198/ARG/cattle/2001/A,0.76936715766503
KX002197/ARG/cattle/2001/A,0.76936715766503
KX002196/ARG/cattle/2001/A,0.7696399345335515
KX002194/ARG/cattle/2000/A,0.7685488270594654
KX002193/ARG/cattle/2001/A,0.7692307692307693
KX002192/ARG/cattle/2001/A,0.7669121658483361
KX002191/ARG/cattle/2001/A,0.7660938352427714
KX002190/ARG/cattle/2001/A,0.7660938352427714
KX002189/ARG/cattle/2001/A,0.768139661756683
KX002188/ARG/cattle/2001/A,0.7688216039279869
KX002187/ARG/cattle/2001/A,0.768139661756683
KX002186/ARG/cattle/2001/A,0.7684124386252046
KX002185/ARG/cattle/2001/A,0.7686852154937261
KX002184/ARG/cattle/2001/A,0.7682760501909438
KX002183/ARG/cattle/2001/A,0.7684124386252046
KX002182/ARG/cattle/2001/A,0.7692307692307693
KX002181/ARG/cattle/2001/A,0.7684124386252046
KX002180/ARG/cattle/2001/A,0.7685488270594654
KX002179/ARG/cattle/2001/A,0.7685488270594654
KX002178/ARG/cattle/2001/A,0.7695035460992907
KX002177/ARG/cattle/2001/A,0.7695035460992907
KX002176/ARG/cattle/2001/A,0.7688216039279869
KT968663/CHN/yak/2013/A,0.7704582651391162
KU127247/SAU/cattle/2015/A,0.7757774140752864
KU360085/CHN/pig/2015/Asia-l,0.7655482815057283
HQ268509/VNM/Unknown/2004/Unknown,0.7753682487725041
LC036265/JPN/cattle/2010/O,0.7875068194217131
KR108950/ZAF/african-buffalo/2009/SAT3,0.674986361156574
KR108949/ZAF/african-buffalo/2009/SAT2,0.6756683033278778
HQ832592/IND/cattle/2009/A,0.7771412984178941
HQ832591/IND/cattle/2008/A,0.776050190943808
HQ832590/IND/cattle/2007/A,0.7794599018003273
HQ832589/IND/cattle/2006/A,0.774822695035461
HQ832588/IND/cattle/2005/A,0.7753682487725041
HQ832586/IND/Unknown/2006/A,0.7776868521549373
HQ832585/IND/Unknown/2005/A,0.774822695035461
HQ832584/IND/cattle/2005/A,0.7729132569558101
HQ832583/IND/Unknown/2005/A,0.7780960174577196
HQ832582/IND/buffalo/2004/A,0.7763229678123296
HQ832581/IND/cattle/2004/A,0.774822695035461
HQ832580/IND/cattle/2003/A,0.7767321331151118
HQ832579/IND/buffalo/2003/A,0.7800054555373704
HQ832578/IND/Unknown/2003/A,0.7772776868521549
HQ832577/IND/Unknown/1999/A,0.7770049099836334
KC412634/CHN/pig/2006/Asia1,0.7656846699399891
KT003716/PAK/water-buffalo/2005/O,0.7872340425531915
KJ608371/VNM/cattle/2013/A,0.7729132569558101
KP940474/EGY/cattle/2014/A,0.7392253136933988
KP940473/EGY/cattle/2014/O,0.7806873977086743
KJ560309/GBR/cattle/2007/O,0.7824604473540644
KJ560308/GBR/cattle/2007/O,0.7821876704855428
KJ560307/GBR/cattle/2007/O,0.7823240589198036
KJ560306/GBR/cattle/2007/O,0.7821876704855428
KJ560305/GBR/cattle/2007/O,0.7824604473540644
KJ560304/GBR/cattle/2007/O,0.7824604473540644
KJ560303/GBR/cattle/2007/O,0.7821876704855428
KJ560302/GBR/cattle/2007/O,0.7824604473540644
KJ560301/GBR/cattle/2007/O,0.7824604473540644
KJ560300/GBR/sheep/2007/O,0.7828696126568467
KJ560299/GBR/sheep/2007/O,0.782733224222586
KJ560298/GBR/sheep/2007/O,0.7821876704855428
KJ560297/GBR/sheep/2007/O,0.7825968357883252
KJ560296/GBR/cattle/2007/O,0.7828696126568467
KJ560295/GBR/cattle/2007/O,0.7831423895253683
KJ560294/GBR/cattle/2007/O,0.7831423895253683
KJ560293/GBR/cattle/2007/O,0.782733224222586
KJ560292/GBR/cattle/2007/O,0.782733224222586
KJ560291/GBR/cattle/2007/O,0.782733224222586
KJ560290/GBR/cattle/2007/O,0.782733224222586
KJ560289/GBR/cattle/2007/O,0.782733224222586
KJ560288/GBR/cattle/2007/O,0.782733224222586
KJ560287/GBR/cattle/2007/O,0.782733224222586
KJ560286/GBR/cattle/2007/O,0.782733224222586
KJ560285/GBR/cattle/2007/O,0.7825968357883252
KJ560284/GBR/cattle/2007/O,0.782733224222586
KJ560283/GBR/cattle/2007/O,0.7824604473540644
KJ560282/GBR/cattle/2007/O,0.782733224222586
KJ560281/GBR/cattle/2007/O,0.7825968357883252
KJ560280/GBR/cattle/2007/O,0.782733224222586
KJ560279/GBR/cattle/2007/O,0.782733224222586
KJ560278/GBR/cattle/2007/O,0.782733224222586
KJ560277/GBR/cattle/2007/O,0.782733224222586
KJ560276/GBR/cattle/2007/O,0.7828696126568467
KJ825809/IND/buffalo/2013/O,0.7888707037643208
KJ825808/IND/cattle/2013/O,0.7902345881069285
KJ825807/IND/cattle/2014/O,0.7876432078559739
KJ825806/IND/cattle/2013/O,0.7873704309874523
KJ825805/IND/cattle/2013/O,0.7884615384615384
KJ825804/IND/cattle/2013/O,0.7890070921985816
KJ825803/IND/cattle/2013/O,0.7902345881069285
KJ825802/IND/cattle/2013/O,0.79050736497545
KJ825801/IND/cattle/2013/O,0.7902345881069285
KJ820999/UGA/cattle/2013/SAT-3,0.6886252045826514
KJ206910/SAU/cattle/2013/O,0.7898254228041462
KJ206909/LBY/cattle/2013/O,0.789961811238407
KJ206908/BTN/cattle/2013/O,0.7900981996726678
HQ268524/BTN/Unknown/2004/Unknown,0.7896890343698855
KM268901/ZWE/cattle/1991/SAT-3,0.675531914893617
KM268900/TZA/cattle/2012/SAT-2,0.6758046917621385
KM268899/TZA/cattle/2012/SAT-1,0.679214402618658
KM268898/TUR/cattle/2013/Asia-1,0.7722313147845062
KM268897/KEN/cattle/2004/C,0.762138570649209
KM268896/TUR/cattle/2013/A,0.7738679759956356
KM268895/TUR/cattle/2013/O,0.7872340425531915
KM257065/GBR/cattle/2001/O,0.7896890343698855
KM257064/GBR/cattle/2001/O,0.791189307146754
KM257063/GBR/cattle/2001/O,0.7910529187124932
KM257062/GBR/cattle/2001/O,0.791189307146754
KM257061/GBR/cattle/2001/O,0.7910529187124932
KJ933864/MYS/Unknown/1997/A,0.776595744680851
JX869188/GBR/sheep/1968/O,0.782733224222586
JX869187/GBR/cattle/1968/O,0.7828696126568467
JX869186/GBR/cattle/1968/O,0.782733224222586
JX869185/GBR/cattle/1968/O,0.7819148936170213
JX869184/GBR/cattle/1968/O,0.7823240589198036
JX869183/GBR/cattle/1968/O,0.7816421167484997
JX869182/GBR/cattle/1968/O,0.7825968357883252
JX869181/GBR/cattle/1967/O,0.7830060010911075
JX869180/GBR/cattle/1967/O,0.782733224222586
JX869179/GBR/cattle/1967/O,0.7830060010911075
JX869178/GBR/cattle/1967/O,0.7791871249318058
JX869177/GBR/cattle/1967/O,0.7830060010911075
KJ754939/BGD/cattle/2013/A,0.7749590834697218
KF501488/KOR/pig/2010/Unknown,0.7865521003818876
KF501487/KOR/pig/2010/Unknown,0.7872340425531915
KF501486/KOR/pig/2010/Unknown,0.7864157119476268
KC503937/KOR/Unknown/2010/Unknown,0.7868248772504092
KF985189/BGD/cattle/2013/O,0.7855973813420621
KC588943/KOR/cattle/2010/A,0.768139661756683
KF694746/KOR/pig/2002/O,0.7865521003818876
KF694745/KOR/pig/2002/O,0.7865521003818876
KF694744/KOR/cow/2002/O,0.7860065466448445
KF694743/KOR/pig/2002/O,0.78696126568467
KF694742/KOR/pig/2002/O,0.7868248772504092
KF694741/KOR/pig/2002/O,0.7868248772504092
KF694740/KOR/pig/2002/O,0.7868248772504092
KF694739/KOR/pig/2002/O,0.7870976541189307
KF694738/KOR/pig/2002/O,0.7873704309874523
KF694737/KOR/pig/2002/O,0.7868248772504092
KF694736/KOR/pig/2002/O,0.78696126568467
KF694735/KOR/pig/2002/O,0.78696126568467
KF694734/KOR/pig/2002/O,0.7870976541189307
KF694733/KOR/pig/2002/O,0.7870976541189307
KF694732/KOR/pig/2002/O,0.7875068194217131
KF694731/KOR/pig/2002/O,0.7870976541189307
KF112889/HKG/pig/2010/O,0.7885979268957992
KF112888/KOR/cattle/2011/O,0.7853246044735407
KF112887/KOR/pig/2010/O,0.78696126568467
KF112886/KOR/cattle/2010/O,0.7876432078559739
KF112885/JPN/cattle/2010/O,0.78873431533006
KF112884/RUS/cattle/2010/O,0.7774140752864157
KF112883/RUS/pig/2010/O,0.7873704309874523
KF112882/MNG/cattle/2010/O,0.7782324058919804
KF112881/MNG/cattle/2010/O,0.7775504637206765
KF112880/MMR/cattle/2009/O,0.7884615384615384
KF112879/THA/pig/2009/O,0.786279323513366
KC462884/CHN/pig/2006/Asial,0.7656846699399891
JX040501/ISR/cattle/2011/O,0.7903709765411893
JX040500/TUR/cattle/2011/O,0.7891434806328423
JX040499/TUR/cattle/2011/O,0.7892798690671031
JX040498/TUR/cattle/2010/O,0.7914620840152755
JX040497/TUR/cattle/2010/O,0.7910529187124932
JX040496/TUR/cattle/2010/O,0.7909165302782324
JX040495/TUR/cattle/2010/O,0.7907801418439716
JX040494/TUR/cattle/2010/O,0.7909165302782324
JX040493/TUR/cattle/2010/O,0.7914620840152755
JX040492/TUR/cattle/2010/O,0.7913256955810147
JX040491/TUR/cattle/2010/O,0.7909165302782324
JX040490/BGR/cattle/2011/O,0.78873431533006
JX040489/BGR/cattle/2011/O,0.7890070921985816
JX040488/BGR/cattle/2011/O,0.7888707037643208
JX040487/BGR/cattle/2011/O,0.7885979268957992
JX040486/BGR/cattle/2011/O,0.7892798690671031
JX040485/BGR/pig/2010/O,0.7896890343698855
JX066665/BGR/cattle/2011/O,0.7888707037643208
JX066664/BGR/cattle/2011/O,0.7892798690671031
JX570655/GBR/cattle/2007/O,0.7821876704855428
JX570654/GBR/cattle/2007/O,0.7824604473540644
JX570653/GBR/cattle/2007/O,0.782051282051282
JX570652/GBR/cattle/2007/O,0.7819148936170213
JX570651/GBR/cattle/2007/O,0.782051282051282
JX570650/GBR/cattle/2007/O,0.7824604473540644
JX570649/GBR/cattle/2007/O,0.7824604473540644
JX570648/GBR/cattle/2007/O,0.7825968357883252
JX570647/GBR/cattle/2007/O,0.7825968357883252
JX570646/GBR/cattle/2007/O,0.7823240589198036
JX570645/GBR/cattle/2007/O,0.7823240589198036
JX570644/GBR/cattle/2007/O,0.7824604473540644
JX570643/GBR/cattle/2007/O,0.7828696126568467
JX570642/GBR/cattle/2007/O,0.7825968357883252
JX570641/GBR/cattle/2007/O,0.7825968357883252
JX570640/GBR/cattle/2007/O,0.7825968357883252
JX570639/GBR/cattle/2007/O,0.7824604473540644
JX570638/GBR/cattle/2007/O,0.7825968357883252
JX014256/PSE/cattle/2012/SAT2,0.6974904528096018
JX014255/EGY/Unknown/2012/SAT2,0.6963993453355155
JN998086/CHN/cattle/2010/Unknown,0.78696126568467
JN998085/CHN/pig/2010/Unknown,0.7890070921985816
JN006722/Unknown/Unknown/Unknown/Unknown,0.7771412984178941
JN006720/Unknown/Unknown/Unknown/Unknown,0.76936715766503
JN006719/Unknown/Unknown/Unknown/Unknown,0.7759138025095472
HQ631363/CHN/pig/2006/Asia-1,0.7696399345335515
JF739177/ISR/Unknown/1989/Asia-1,0.7674577195853791
HQ632774/MYS/cattle/1999/Asia-1,0.7632296781232951
HQ632773/MYS/cattle/2007/A,0.7738679759956356
HQ632772/MYS/cattle/2007/O,0.7804146208401528
HQ632771/MYS/pig/2005/O,0.7411347517730497
HQ632770/MYS/cattle/2004/O,0.7898254228041462
HQ632769/MYS/cattle/2001/O,0.7808237861429351
HQ632768/MYS/pig/2000/O,0.7907801418439716
GU582116/VNM/Unknown/2009/Unknown,0.7782324058919804
GU582115/VNM/Unknown/2009/Unknown,0.7797326786688489
FJ906802/CHN/pig/2006/Asia-1,0.7678668848881615
GQ406252/VNM/buffalo/2009/A,0.7731860338243317
GQ406251/VNM/pig/2009/A,0.7734588106928533
GQ406250/VNM/cattle/2009/A,0.7729132569558101
GQ406249/VNM/cattle/2009/A,0.7737315875613748
GQ406248/VNM/cattle/2009/A,0.7734588106928533
GQ406247/VNM/cattle/2009/A,0.7726404800872886
GU931682/CHN/cow/2005/Unknown,0.7695035460992907
HQ113233/AFG/cow/2009/Asia-1,0.7710038188761593
HQ113232/PAK/cow/2009/O,0.78696126568467
HM067706/UGA/african-buffalo/2007/SAT-1,0.6853518821603928
HM067705/UGA/african-buffalo/2007/SAT-2,0.6820785597381342
HM067704/UGA/african-buffalo/2007/SAT-2,0.6813966175668303
GQ452295/VNM/cattle/2007/Asia-1,0.7682760501909438
HM008917/CHN/pig/2005/O,0.7806873977086743
HQ412603/CHN/pig/2000/O,0.7426350245499181
HQ009509/CHN/pig/1999/Unknown,0.7722313147845062
HM191257/UGA/cow/2006/O,0.7767321331151118
GU125650/VNM/cattle/2006/O,0.7815057283142389
GU125649/VNM/cattle/2006/O,0.7819148936170213
GU125648/VNM/buffalo/2006/O,0.7819148936170213
GU125647/VNM/cattle/2006/O,0.782051282051282
GU125646/VNM/buffalo/2005/Asia-1,0.7637752318603382
GU125645/VNM/cattle/2007/Asia-1,0.7675941080196399
HM854025/IND/cow/1999/A,0.7753682487725041
HM854024/IND/cattle/1982/A,0.7789143480632842
HM854023/IND/cattle/1999/A,0.7772776868521549
HM854022/IND/cattle/1977/A,0.777823240589198
HM055510/VNM/Unknown/2009/Unknown,0.7888707037643208
FJ542372/GBR/cattle/2001/Unknown,0.7910529187124932
FJ542371/GBR/cattle/2001/Unknown,0.7903709765411893
FJ542370/GBR/cattle/2001/Unknown,0.7913256955810147
FJ542369/GBR/sheep/2001/Unknown,0.791189307146754
FJ542368/GBR/cattle/2001/Unknown,0.7910529187124932
FJ542367/GBR/cattle/2001/Unknown,0.791189307146754
FJ542366/GBR/sheep/2001/Unknown,0.7910529187124932
FJ542365/GBR/cattle/2001/Unknown,0.791189307146754
EU214601/GBR/sheep/2001/Pan-Asia-O,0.791189307146754
EU140964/ARE/Unknown/Unknown/Unknown,0.7913256955810147
EF614457/KOR/cattle/Unknown/O,0.7854609929078015
EF494488/PAK/cattle/2006/Unknown,0.7771412984178941
EF494487/PAK/cattle/2006/Unknown,0.7750954719039825
DQ989323/IND/cattle/2002/Unknown,0.7684124386252046
DQ989322/IND/cattle/2002/Unknown,0.768139661756683
DQ989321/IND/cattle/2001/Unknown,0.7695035460992907
DQ989320/IND/cattle/2002/Unknown,0.7659574468085106
DQ989319/IND/cattle/2001/Unknown,0.7696399345335515
DQ989318/IND/cattle/2002/Unknown,0.766366612111293
DQ989317/IND/buffalo/2000/Unknown,0.7716857610474632
DQ989315/IND/cattle/1993/Unknown,0.7703218767048554
DQ989314/IND/cattle/2001/Unknown,0.7684124386252046
DQ989313/IND/buffalo/1986/Unknown,0.7652755046372067
DQ989312/IND/sheep/1990/Unknown,0.7654118930714675
DQ989311/IND/buffalo/2002/Unknown,0.7678668848881615
DQ989310/IND/cattle/1999/Unknown,0.7699127114020731
DQ989309/IND/cattle/1996/Unknown,0.7719585379159847
DQ989308/IND/cattle/1994/Unknown,0.7688216039279869
DQ989307/IND/cattle/1992/Unknown,0.7704582651391162
DQ989306/IND/cattle/1986/Unknown,0.7708674304418985
DQ989305/IND/cattle/1990/Unknown,0.7696399345335515
DQ989304/IND/cattle/2000/Unknown,0.7722313147845062
DQ989303/IND/cattle/1993/Unknown,0.7696399345335515
AY593853/BWA/Unknown/Unknown/SAT3,0.6717130387343153
AY593852/KEN/Unknown/Unknown/SAT3,0.67253136933988
AY593851/BWA/Unknown/Unknown/SAT3,0.6723949809056192
AY593850/ZAF/Unknown/Unknown/SAT3,0.6740316421167485
AY593849/KEN/Unknown/Unknown/SAT2,0.7021276595744681
AY593848/Unknown/Unknown/Unknown/SAT2,0.6775777414075287
AY593847/ZWE/Unknown/Unknown/SAT2,0.67075831969449
AY593846/ZWE/Unknown/Unknown/SAT1,0.6774413529732679
AY593845/BWA/Unknown/Unknown/SAT1,0.6764866339334424
AY593844/ISR/Unknown/Unknown/SAT1,0.7036279323513366
AY593843/NAM/Unknown/Unknown/SAT1,0.6775777414075287
AY593842/ZAF/Unknown/Unknown/SAT1,0.6756683033278778
AY593841/ZWE/Unknown/Unknown/SAT1,0.675531914893617
AY593840/NAM/Unknown/Unknown/SAT1,0.6773049645390071
AY593839/Unknown/Unknown/Unknown/SAT1,0.6763502454991817
AY593838/BWA/Unknown/Unknown/SAT1,0.6719858156028369
AY593837/URY/Unknown/Unknown/O,0.7857337697763229
AY593836/GBR/Unknown/Unknown/O,0.791189307146754
AY593835/TWN/Unknown/Unknown/O,0.7480905619203492
AY593834/IRN/Unknown/Unknown/O,0.7815057283142389
AY593833/TWN/Unknown/Unknown/O,0.7472722313147845
AY593832/GBR/Unknown/Unknown/O,0.791189307146754
AY593831/GBR/Unknown/Unknown/O,0.791189307146754
AY593830/POL/Unknown/Unknown/O,0.7835515548281505
AY593829/GBR/Unknown/Unknown/O,0.76936715766503
AY593828/IND/Unknown/Unknown/O,0.7910529187124932
AY593827/VEN/Unknown/Unknown/O,0.7763229678123296
AY593826/ITA/Unknown/Unknown/O,0.7786415711947627
AY593825/ARG/Unknown/Unknown/O,0.7742771412984178
AY593824/KOR/Unknown/Unknown/O,0.7891434806328423
AY593823/TUR/Unknown/Unknown/O,0.7846426623022368
AY593822/Unknown/Unknown/Unknown/O,0.7756410256410257
AY593821/ARG/Unknown/Unknown/O,0.7815057283142389
AY593820/ARG/Unknown/Unknown/O,0.7854609929078015
AY593819/ARG/Unknown/Unknown/O,0.7858701582105837
AY593818/ARG/Unknown/Unknown/O,0.7850518276050191
AY593817/BEL/Unknown/Unknown/O,0.7836879432624113
AY593816/GBR/Unknown/Unknown/O,0.7825968357883252
AY593815/GBR/Unknown/Unknown/O,0.7828696126568467
AY593814/ARG/Unknown/Unknown/O,0.7839607201309329
AY593813/IDN/Unknown/Unknown/O,0.7613202400436443
AY593812/PHL/Unknown/Unknown/O,0.7806873977086743
AY593811/PHL/Unknown/Unknown/O,0.7806873977086743
AY593810/GBR/Unknown/Unknown/C,0.7625477359519913
AY593803/BRA/Unknown/Unknown/A,0.7761865793780688
AY593802/URY/Unknown/Unknown/A,0.7692307692307693
AY593801/URY/Unknown/Unknown/A,0.7692307692307693
AY593800/LBN/Unknown/Unknown/Asia1,0.7678668848881615
AY593799/LBN/Unknown/Unknown/Asia1,0.7678668848881615
AY593798/LBN/Unknown/Unknown/Asia1,0.7678668848881615
AY593797/ISR/Unknown/Unknown/Asia1,0.763911620294599
AY593796/ISR/Unknown/Unknown/Asia1,0.7673213311511183
AY593795/PAK/Unknown/Unknown/Asia1,0.7684124386252046
AY593794/COL/Unknown/Unknown/A,0.7645935624659029
AY593793/PHL/Unknown/Unknown/A,0.7675941080196399
AY593792/ITA/Unknown/Unknown/A,0.7738679759956356
AY593791/IRN/Unknown/Unknown/A,0.7734588106928533
AY593790/ARG/Unknown/Unknown/A,0.7696399345335515
AY593789/ARG/Unknown/Unknown/A,0.7712765957446809
AY593788/BRA/Unknown/Unknown/A,0.7696399345335515
AY593787/BRA/Unknown/Unknown/A,0.7673213311511183
AY593786/ARG/Unknown/Unknown/A,0.7696399345335515
AY593785/ARG/Unknown/Unknown/A,0.7695035460992907
AY593784/ARG/Unknown/Unknown/A,0.7695035460992907
AY593783/ARG/Unknown/Unknown/A,0.7695035460992907
AY593782/ARG/Unknown/Unknown/A,0.7647299509001637
AY593781/DEU/Unknown/Unknown/A,0.7738679759956356
AY593780/FRA/Unknown/Unknown/A,0.7720949263502455
AY593779/DEU/Unknown/Unknown/A,0.7738679759956356
AY593778/ESP/Unknown/Unknown/A,0.7692307692307693
AY593777/DEU/Unknown/Unknown/A,0.773595199127114
AY593776/DEU/Unknown/Unknown/A,0.7722313147845062
AY593775/VEN/Unknown/Unknown/A,0.7689579923622477
AY593774/ESP/Unknown/Unknown/A,0.773595199127114
AY593773/PER/Unknown/Unknown/A,0.7696399345335515
AY593772/TUR/Unknown/Unknown/A,0.7682760501909438
AY593771/COL/Unknown/Unknown/A,0.7704582651391162
AY593770/ARG/Unknown/Unknown/A,0.7720949263502455
AY593769/ARG/Unknown/Unknown/A,0.7707310420076378
AY593768/BRA/Unknown/Unknown/A,0.7731860338243317
AY593767/ARG/Unknown/Unknown/A,0.7731860338243317
AY593766/KEN/Unknown/Unknown/A,0.7727768685215494
AY593765/TUR/Unknown/Unknown/A,0.7696399345335515
AY593764/IRQ/Unknown/Unknown/A,0.7703218767048554
AY593763/IRQ/Unknown/Unknown/A,0.7703218767048554
AY593762/IRQ/Unknown/Unknown/A,0.7703218767048554
AY593761/KEN/Unknown/Unknown/A,0.7660938352427714
AY593760/RUS/Unknown/Unknown/A,0.7674577195853791
AY593759/DEU/Unknown/Unknown/A,0.7645935624659029
AY593758/VEN/Unknown/Unknown/A,0.7707310420076378
AY593757/BRA/Unknown/Unknown/A,0.7716857610474632
AY593756/BRA/Unknown/Unknown/A,0.770594653573377
AY593755/THA/Unknown/Unknown/A,0.7673213311511183
AY593754/ESP/Unknown/Unknown/A,0.7695035460992907
AY593753/BRA/Unknown/Unknown/A,0.7704582651391162
AY593752/GBR/Unknown/Unknown/A,0.7753682487725041
AY593751/NLD/Unknown/Unknown/A,0.7715493726132024
AF511039/Unknown/Unknown/Unknown/O,0.7720949263502455
FJ824812/ESP/Unknown/Unknown/C,0.7603655210038188
EF175732/CHN/Unknown/Unknown/O,0.7464539007092199
DQ404180/GBR/pig/2001/O,0.7914620840152755
DQ404179/GBR/pig/2001/O,0.7915984724495363
DQ404178/GBR/pig/2001/O,0.7914620840152755
DQ404177/GBR/pig/2001/O,0.7914620840152755
DQ404176/GBR/cow/2001/O,0.7915984724495363
DQ404175/GBR/cow/2001/O,0.791189307146754
DQ404174/IRL/sheep/2001/O,0.791189307146754
DQ404173/GBR/cow/2001/O,0.7913256955810147
DQ404172/GBR/cow/2001/O,0.7910529187124932
DQ404171/GBR/sheep/2001/O,0.7915984724495363
DQ404169/GBR/sheep/2001/O,0.7914620840152755
DQ404170/GBR/sheep/2001/O,0.7910529187124932
DQ404168/GBR/cow/2001/O,0.791189307146754
DQ404167/GBR/sheep/2001/O,0.7907801418439716
DQ404166/GBR/cow/2001/O,0.79050736497545
DQ404165/GBR/cow/2001/O,0.7902345881069285
DQ404164/GBR/cow/2001/O,0.7900981996726678
DQ404163/GBR/cow/2001/O,0.7894162575013639
DQ404162/GBR/sheep/2001/O,0.7903709765411893
DQ404161/GBR/cow/2001/O,0.7900981996726678
DQ404160/GBR/cow/2001/O,0.7894162575013639
DQ404159/GBR/cow/2001/O,0.7895526459356247
DQ404158/GBR/sheep/2001/O,0.78873431533006
DQ478936/CHN/cattle/Unknown/O,0.7686852154937261
AY687334/IND/Unknown/Unknown/Unknown,0.7697763229678123
AY687333/IND/Unknown/Unknown/Unknown,0.7695035460992907
AY390432/Unknown/Unknown/Unknown/Asia-1,0.7644571740316422
AY359854/Unknown/Unknown/Unknown/O,0.7701854882705946
AF506822/Unknown/Unknown/Unknown/O,0.7925531914893617
AF274010/Unknown/Unknown/Unknown/Unknown,0.7602291325695582
AF026168/TWN/Unknown/Unknown/Unknown,0.7429078014184397
DQ119643/Unknown/Unknown/Unknown/Unknown,0.7842334969994544
FJ623456/KAZ/Unknown/1999/A22,0.7686852154937261
AB079061/JPN/Unknown/Unknown/O,0.7906437534097108
EF614458/MNG/cattle/Unknown/Asia1,0.7696399345335515
EU448381/GBR/cow/2007/O,0.7821876704855428
EU448380/GBR/cow/2007/O,0.7824604473540644
EU448379/GBR/cow/2007/O,0.7824604473540644
EU448378/GBR/sheep/2007/O,0.782733224222586
EU448377/GBR/cow/2007/O,0.7831423895253683
EU448376/GBR/cow/2007/O,0.7831423895253683
EU448375/GBR/cow/2007/O,0.782733224222586
EU448374/GBR/cow/2007/O,0.782733224222586
EU448373/GBR/cow/2007/O,0.7825968357883252
EU448372/GBR/cow/2007/O,0.7825968357883252
EU448371/GBR/cow/2007/O,0.782733224222586
EU448370/GBR/cow/1967/O,0.782733224222586
EU448369/GBR/cow/1967/O,0.7825968357883252
EU448368/GBR/cow/1967/O,0.7831423895253683
EF494486/TUR/cattle/2005/Unknown,0.7768685215493726
EF149010/CHN/Unknown/Unknown/Unknown,0.7714129841789417
EF149009/CHN/Unknown/Unknown/Unknown,0.766366612111293
AM409325/Unknown/Unknown/Unknown/C,0.7590016366612111
X74812/Unknown/Unknown/Unknown/Unknown,0.7590016366612111
AJ539141/GBR/Unknown/Unknown/O,0.7913256955810147
AJ539140/ZAF/Unknown/Unknown/O,0.791189307146754
AJ539139/KOR/Unknown/Unknown/O,0.7888707037643208
AJ539138/CHN/Unknown/Unknown/O,0.7930987452264048
AJ539137/TWN/Unknown/Unknown/O,0.7910529187124932
AJ539136/TWN/Unknown/Unknown/O,0.791189307146754
AJ320488/BRA/Unknown/Unknown/Unknown,0.7849154391707583
AJ251473/KEN/Unknown/Unknown/Unknown,0.7009001636661211
AJ633821/FRA/Unknown/Unknown/O,0.791189307146754
AY317098/Unknown/Unknown/Unknown/Unknown,0.7476813966175668
OQ427393/Unknown/cow/2009/C,0.7633660665575559
OQ356337/PAK/cow/2006/Asia-1,0.7630932896890343
OQ383267/BRA/cow/1963/C,0.7697763229678123
OQ383266/GBR/Unknown/2002/Unknown,0.7628205128205128
OQ383265/NLD/cow/2000/C,0.7607746863066012
OQ356339/GBR/cow/1987/C,0.7624113475177305
OQ356338/ISR/cow/2006/Asia-1,0.7695035460992907
OM562602/KEN/cow/2014/Unknown,0.6798963447899619
OM562601/KEN/cow/2014/Unknown,0.6807146753955264
OM562600/KEN/cow/2016/Unknown,0.6779869067103109
OM562599/KEN/cow/2016/Unknown,0.6758046917621385
OM562598/KEN/cow/2016/Unknown,0.6753955264593563
OM562597/KEN/cow/2016/Unknown,0.6737588652482269
OM562596/KEN/cow/2016/Unknown,0.6715766503000545
OM562595/KEN/cow/2016/Unknown,0.6762138570649209
OM562593/KEN/cow/2016/Unknown,0.6768957992362248
OM562592/KEN/cow/2016/Unknown,0.6759410801963993
OM562591/KEN/cow/2016/Unknown,0.682760501909438
OM562590/KEN/cow/2016/Unknown,0.682214948172395
OM562589/KEN/cow/2016/Unknown,0.6781232951445717
OM562588/KEN/cow/2016/Unknown,0.678532460447354
OM562587/KEN/cow/2016/Unknown,0.6752591380250955
OM562586/KEN/cow/2016/Unknown,0.6779869067103109
OM562585/KEN/cow/2016/Unknown,0.6775777414075287
OM562584/KEN/cow/2016/Unknown,0.6781232951445717
OM562583/KEN/cow/2016/Unknown,0.6786688488816148
OM562582/KEN/cow/2016/Unknown,0.6807146753955264
OM562581/KEN/cow/2016/Unknown,0.6782596835788325
OM562580/KEN/cow/2016/Unknown,0.6782596835788325
OM562578/KEN/cow/2016/Unknown,0.6777141298417895
OM562577/KEN/cow/2016/Unknown,0.6800327332242226
OM562576/KEN/cow/2016/Unknown,0.6797599563557011
OM562575/KEN/cow/2016/Unknown,0.6762138570649209
OM562572/KEN/cow/2016/Unknown,0.6751227495908347
OM562571/KEN/cow/2016/Unknown,0.6813966175668303
OM562570/KEN/cow/2016/Unknown,0.6781232951445717
OM562569/KEN/cow/2016/Unknown,0.6773049645390071
OM562568/KEN/cow/2016/Unknown,0.6783960720130933
OM562567/KEN/cow/2016/Unknown,0.6777141298417895
OM562566/KEN/cow/2016/Unknown,0.6831696672122204
OM562565/KEN/cow/2016/Unknown,0.6837152209492635
OM562564/KEN/cow/2016/Unknown,0.6781232951445717
OM562563/KEN/cow/2016/Unknown,0.6803055100927441
OM562562/KEN/cow/2016/Unknown,0.6782596835788325
OM562561/KEN/cow/2016/Unknown,0.6778505182760501
OM562560/KEN/cow/2016/Unknown,0.6793507910529187
OM562559/KEN/cow/2016/Unknown,0.6818057828696127
OM562558/KEN/cow/2016/Unknown,0.6804418985270049
OM562557/KEN/cow/2016/Unknown,0.6786688488816148
OM562556/KEN/cow/2016/Unknown,0.6808510638297872
OM562555/KEN/cow/2016/Unknown,0.6808510638297872
OM562554/KEN/cow/2016/Unknown,0.6808510638297872
OM562553/KEN/cow/2016/Unknown,0.6783960720130933
OM562552/KEN/cow/2016/Unknown,0.678532460447354
OM562551/KEN/cow/2016/Unknown,0.6764866339334424
OM562550/KEN/cow/2016/Unknown,0.6778505182760501
OM562549/KEN/cow/2016/Unknown,0.6808510638297872
OM562548/KEN/cow/2016/Unknown,0.678532460447354
OM562547/KEN/cow/2016/Unknown,0.6801691216584833
OM562546/KEN/cow/2016/Unknown,0.6803055100927441
OM562545/KEN/cow/2016/Unknown,0.6803055100927441
OM562544/KEN/cow/2016/Unknown,0.6798963447899619
OM562543/KEN/cow/2016/Unknown,0.6813966175668303
OM562542/KEN/cow/2016/Unknown,0.680987452264048
OM562541/KEN/cow/2016/Unknown,0.6835788325150027
OM562540/KEN/cow/2016/Unknown,0.6835788325150027
OM562539/KEN/cow/2016/Unknown,0.6835788325150027
OM562538/KEN/cow/2016/Unknown,0.683442444080742
OM562537/KEN/cow/2016/Unknown,0.6835788325150027
OM562536/KEN/cow/2016/Unknown,0.6835788325150027
OM562535/KEN/cow/2016/Unknown,0.683442444080742
OM562534/KEN/cow/2016/Unknown,0.6793507910529187
OM562533/KEN/cow/2016/Unknown,0.679214402618658
OM562532/KEN/cow/2016/Unknown,0.679214402618658
OM562531/KEN/cow/2016/Unknown,0.6793507910529187
OM562530/KEN/cow/2016/Unknown,0.6794871794871795
OM562529/KEN/cow/2016/Unknown,0.6794871794871795
OM562528/KEN/cow/2016/Unknown,0.6793507910529187
OM562527/KEN/cow/2016/Unknown,0.6793507910529187
OM562526/KEN/cow/2016/Unknown,0.679214402618658
OM562525/KEN/cow/2016/Unknown,0.682214948172395
OM562524/KEN/cow/2016/Unknown,0.6823513366066557
OM562523/KEN/cow/2016/Unknown,0.6823513366066557
OM562522/KEN/cow/2016/Unknown,0.6823513366066557
OM562521/KEN/cow/2016/Unknown,0.682214948172395
OM562520/KEN/cow/2016/Unknown,0.6823513366066557
OM562519/KEN/cow/2016/Unknown,0.6824877250409165
OM562518/KEN/cow/2016/Unknown,0.6823513366066557
OM562517/KEN/cow/2016/Unknown,0.6823513366066557
OM562516/KEN/cow/2016/Unknown,0.6823513366066557
OM562515/KEN/cow/2016/Unknown,0.6823513366066557
OM562514/KEN/cow/2016/Unknown,0.6823513366066557
OM562513/KEN/cow/2016/Unknown,0.6774413529732679
OM562512/KEN/cow/2016/Unknown,0.6777141298417895
OM562511/KEN/cow/2016/Unknown,0.6778505182760501
OM562510/KEN/cow/2016/Unknown,0.6773049645390071
OM562509/KEN/cow/2016/Unknown,0.6778505182760501
OM562508/KEN/cow/2016/Unknown,0.6778505182760501
OM562507/KEN/cow/2016/Unknown,0.6777141298417895
OM562506/KEN/cow/2016/Unknown,0.6777141298417895
OM562505/KEN/cow/2016/Unknown,0.6777141298417895
OM562504/KEN/cow/2016/Unknown,0.6777141298417895
OM562503/KEN/cow/2016/Unknown,0.6777141298417895
OM562502/KEN/cow/2016/Unknown,0.6777141298417895
OM562501/KEN/cow/2016/Unknown,0.6762138570649209
OM562500/KEN/cow/2016/Unknown,0.6762138570649209
OM562499/KEN/cow/2016/Unknown,0.6762138570649209
OM562498/KEN/cow/2016/Unknown,0.6762138570649209
OM562497/KEN/cow/2016/Unknown,0.6760774686306601
OM562496/KEN/cow/2016/Unknown,0.6762138570649209
OM562495/KEN/cow/2016/Unknown,0.6762138570649209
OM562494/KEN/cow/2016/Unknown,0.6762138570649209
OM562493/KEN/cow/2016/Unknown,0.6762138570649209
OM562492/KEN/cow/2016/Unknown,0.6768957992362248
OM562491/KEN/cow/2016/Unknown,0.6768957992362248
OM562490/KEN/cow/2016/Unknown,0.6768957992362248
OM562489/KEN/cow/2016/Unknown,0.6768957992362248
OM562488/KEN/cow/2016/Unknown,0.6768957992362248
OM562487/KEN/cow/2016/Unknown,0.6768957992362248
OM562486/KEN/cow/2016/Unknown,0.6768957992362248
OM562485/KEN/cow/2016/Unknown,0.6770321876704856
OM562484/KEN/cow/2016/Unknown,0.676759410801964
OM562483/KEN/cow/2016/Unknown,0.6768957992362248
OM562482/KEN/cow/2016/Unknown,0.6768957992362248
OM562481/KEN/cow/2016/Unknown,0.6768957992362248
OM562480/KEN/cow/2016/Unknown,0.6768957992362248
OM562479/KEN/cow/2016/Unknown,0.6768957992362248
OM562478/KEN/cow/2016/Unknown,0.6768957992362248
OM562477/KEN/cow/2016/Unknown,0.6768957992362248
OM562476/KEN/cow/2016/Unknown,0.678532460447354
OM562475/KEN/cow/2016/Unknown,0.678532460447354
OM562474/KEN/cow/2016/Unknown,0.6783960720130933
OM562473/KEN/cow/2016/Unknown,0.6783960720130933
OM562472/KEN/cow/2016/Unknown,0.6778505182760501
OM562471/KEN/cow/2016/Unknown,0.6778505182760501
OM562470/KEN/cow/2016/Unknown,0.6778505182760501
OM562469/KEN/cow/2016/Unknown,0.6778505182760501
OM562468/KEN/cow/2016/Unknown,0.6777141298417895
OM562467/KEN/cow/2016/Unknown,0.6778505182760501
OM562466/KEN/cow/2016/Unknown,0.6778505182760501
OM562465/KEN/cow/2016/Unknown,0.6778505182760501
OM562464/KEN/cow/2016/Unknown,0.6778505182760501
OM562463/KEN/cow/2016/Unknown,0.6778505182760501
OM562462/KEN/cow/2016/Unknown,0.6778505182760501
OM562461/KEN/cow/2016/Unknown,0.6777141298417895
OM562460/KEN/cow/2016/Unknown,0.6778505182760501
OM562459/KEN/cow/2016/Unknown,0.6778505182760501
OM562458/KEN/cow/2016/Unknown,0.6777141298417895
OM562457/KEN/cow/2016/Unknown,0.6778505182760501
OM562456/KEN/cow/2016/Unknown,0.678532460447354
OM562455/KEN/cow/2016/Unknown,0.678532460447354
OM562454/KEN/cow/2016/Unknown,0.678532460447354
OM562453/KEN/cow/2016/Unknown,0.6783960720130933
OV121130/Unknown/Unknown/Unknown/Unknown,0.7909165302782324
MT340225/VNM/cattle/2018/Unknown,0.7774140752864157
MT340224/VNM/buffalo/2018/Unknown,0.7752318603382433
MT340223/VNM/cattle/2019/Unknown,0.7797326786688489
MT340222/VNM/cattle/2019/Unknown,0.7768685215493726
MT340221/VNM/cattle/2018/Unknown,0.7793235133660665
MT340220/VNM/cattle/2018/Unknown,0.7726404800872886
MT340219/VNM/cattle/2018/Unknown,0.7712765957446809
MT340218/VNM/cattle/2018/Unknown,0.7757774140752864
MT340217/VNM/cattle/2018/Unknown,0.7767321331151118
MT340216/VNM/cattle/2018/Unknown,0.7772776868521549
MT340215/VNM/cattle/2018/Unknown,0.7764593562465902
MT340214/VNM/cattle/2018/Unknown,0.7763229678123296
MT340213/VNM/cattle/2018/Unknown,0.7776868521549373
MT340212/VNM/cattle/2018/Unknown,0.7770049099836334
MT340211/VNM/cattle/2018/Unknown,0.7763229678123296
MT340210/VNM/cattle/2018/Unknown,0.7775504637206765
MT340209/VNM/cattle/2018/Unknown,0.777823240589198
MT340208/VNM/cattle/2018/Unknown,0.7789143480632842
MT340207/VNM/cattle/2018/Unknown,0.7800054555373704
MT340206/VNM/cattle/2018/Unknown,0.7806873977086743
MT340205/VNM/cattle/2018/Unknown,0.7789143480632842
MT340204/VNM/cattle/2018/Unknown,0.7780960174577196
MT340203/VNM/cattle/2017/Unknown,0.7794599018003273
MT340202/VNM/cattle/2017/Unknown,0.7800054555373704
MT340201/VNM/cattle/2017/Unknown,0.7780960174577196
MT340200/VNM/cattle/2017/Unknown,0.7804146208401528
MT340199/VNM/cattle/2017/Unknown,0.777823240589198
MT340198/VNM/cattle/2017/Unknown,0.7795962902345881
MT340197/VNM/cattle/2017/Unknown,0.7808237861429351
LC456875/GHA/cow/2018/SAT2,0.6318876159301691
LC456874/GHA/cow/2018/SAT2,0.621658483360611
MH746921/USA/cow/2017/Unknown,0.7731860338243317
EU400597/CHN/Unknown/Unknown/O,0.7480905619203492
AY686687/Unknown/Unknown/Unknown/Unknown,0.7494544462629569
AF377945/Unknown/Unknown/Unknown/Unknown,0.7825968357883252
EF552697/GBR/sheep/2001/Pan-Asia-O,0.791189307146754
EF552696/GBR/cattle/2001/Pan-Asia-O,0.7909165302782324
EF552695/GBR/sheep/2001/Pan-Asia-O,0.7914620840152755
EF552694/GBR/cattle/2001/Pan-Asia-O,0.791189307146754
EF552693/GBR/cattle/2001/Pan-Asia-O,0.7914620840152755
EF552692/GBR/sheep/2001/Pan-Asia-O,0.791189307146754
EF552691/GBR/cattle/2001/Pan-Asia-O,0.7913256955810147
EF552690/GBR/cattle/2001/Pan-Asia-O,0.7915984724495363
EF552689/GBR/sheep/2001/Pan-Asia-O,0.7915984724495363
EF552688/GBR/sheep/2001/Pan-Asia-O,0.7910529187124932
AY593809/ARG/Unknown/Unknown/C,0.7659574468085106
AY593808/ARG/Unknown/Unknown/C,0.7625477359519913
AY593807/BRA/Unknown/Unknown/C,0.7697763229678123
AY593806/BRA/Unknown/Unknown/C,0.7652755046372067
AY593805/DEU/Unknown/Unknown/C,0.7645935624659029
AY593804/CHE/Unknown/Unknown/C,0.7645935624659029
AF189157/Unknown/Unknown/Unknown/Unknown,0.7774140752864157
APHA12CDR/Unknown/Unknown/Unknown/Unknown,0.7774140752864157
X00871/Unknown/Unknown/Unknown/Unknown,0.7819148936170213
AM503966/Unknown/Unknown/Unknown/Unknown,0.7607746863066012
AM503965/Unknown/Unknown/Unknown/Unknown,0.7606382978723404
AM409190/Unknown/Unknown/Unknown/C,0.7605019094380796
AJ007572/Unknown/Unknown/Unknown/Unknown,0.7605019094380796
AJ007347/Unknown/Unknown/Unknown/Unknown,0.760911074740862
