Position in MZ493234/PAK/cattle/2018/A, Recombination breakpoint number (200nt win), Upper 99% CI, Lower 99% CI, Upper 95% CI, Lower 95% CI
1,0,1,0,0,0
3,0,1,0,0,0
5,0,1,0,0,0
7,0,1,0,0,0
9,0,1,0,0,0
11,0,1,0,1,0
13,0,1,0,1,0
15,0,1,0,1,0
17,0,1,0,1,0
19,0,1,0,1,0
21,0,1,0,1,0
23,0,1,0,1,0
25,0,1,0,1,0
27,0,1,0,1,0
29,0,1,0,1,0
31,0,1,0,1,0
33,0,1,0,1,0
35,0,1,0,1,0
37,0,1,0,1,0
39,0,2,0,1,0
41,0,2,0,1,0
43,0,2,0,1,0
45,0,2,0,1,0
47,0,2,0,1,0
49,0,2,0,1,0
51,0,2,0,1,0
53,0,2,0,1,0
55,0,2,0,1,0
57,0,2,0,1,0
59,0,2,0,1,0
61,0,2,0,1,0
63,0,2,0,1,0
65,0,2,0,1,0
67,0,2,0,1,0
69,0,2,0,1,0
71,0,2,0,1,0
73,0,2,0,1,0
75,0,2,0,1,0
77,0,2,0,1,0
79,0,2,0,1,0
81,0,2,0,1,0
83,0,2,0,1,0
85,0,2,0,1,0
87,0,2,0,1,0
89,0,2,0,1,0
91,0,2,0,1,0
93,0,2,0,2,0
95,0,2,0,2,0
97,0,2,0,2,0
99,0,2,0,2,0
101,0,2,0,2,0
103,0,2,0,2,0
105,0,2,0,2,0
107,0,2,0,2,0
109,0,2,0,2,0
111,1,2,0,2,0
113,1,2,0,2,0
115,1,2,0,2,0
117,1,2,0,2,0
119,1,2,0,2,0
121,1,2,0,2,0
123,1,2,0,2,0
125,1,3,0,2,0
127,1,3,0,2,0
129,1,3,0,2,0
131,1,3,0,2,0
133,1,3,0,2,0
135,1,3,0,2,0
137,1,3,0,2,0
139,1,3,0,2,0
141,1,3,0,2,0
143,1,3,0,2,0
145,1,3,0,2,0
147,1,3,0,2,0
149,1,3,0,2,0
151,1,3,0,2,0
153,1,3,0,2,0
155,1,3,0,2,0
157,1,3,0,2,0
159,1,3,0,2,0
161,1,3,0,2,0
163,1,3,0,2,0
165,1,3,0,3,0
167,1,3,0,3,0
169,1,3,0,3,0
171,1,3,0,3,0
173,1,3,0,3,0
175,1,3,0,3,0
177,1,4,0,3,0
179,1,4,0,3,0
181,1,4,0,3,0
183,1,4,0,3,0
185,1,4,0,3,0
187,1,4,0,3,0
189,1,4,0,3,0
191,1,4,0,3,0
193,1,4,0,3,0
195,1,4,0,3,0
197,1,4,0,3,0
199,1,4,0,3,0
201,1,4,0,3,0
203,1,4,0,3,0
205,1,4,0,3,0
207,1,4,0,3,0
209,1,4,0,3,0
211,1,4,0,3,0
213,1,4,0,3,0
215,1,4,0,3,0
217,1,4,0,3,0
219,1,4,0,3,0
221,1,4,0,3,0
223,1,4,0,3,0
225,1,4,0,3,0
227,1,4,0,3,0
229,1,4,0,3,0
231,1,4,0,3,0
233,1,4,0,3,0
235,1,4,0,3,0
237,1,4,0,3,0
239,1,4,0,3,0
241,1,4,0,3,0
243,1,5,0,3,0
245,1,5,0,3,0
247,1,5,0,3,0
249,1,5,0,3,0
251,1,5,0,3,0
253,1,5,0,3,0
255,1,5,0,3,0
257,1,5,0,3,0
259,1,5,0,3,0
261,2,5,0,3,0
263,2,5,0,3,0
265,2,5,0,3,0
267,2,5,0,3,0
269,2,5,0,3,0
271,2,5,0,3,0
273,2,4,0,3,0
275,2,4,0,3,0
277,2,4,0,3,0
279,2,4,0,3,0
281,2,4,0,3,0
283,2,4,0,3,0
285,2,4,0,3,0
287,2,4,0,3,0
289,2,4,0,3,0
291,2,4,0,3,0
293,2,4,0,3,0
295,2,4,0,3,0
297,2,4,0,3,0
299,2,4,0,3,0
301,2,4,0,3,0
303,2,5,0,3,0
305,2,4,0,3,0
307,2,4,0,3,0
309,2,4,0,3,0
311,1,4,0,3,0
313,1,4,0,3,0
315,1,4,0,3,0
317,1,4,0,3,0
319,1,4,0,3,0
321,1,4,0,3,0
323,1,4,0,3,0
325,1,4,0,3,0
327,1,4,0,3,0
329,1,4,0,3,0
331,1,4,0,3,0
333,1,4,0,3,0
335,1,4,0,3,0
337,1,4,0,3,0
339,1,4,0,3,0
341,1,4,0,3,0
343,1,4,0,3,0
345,1,4,0,3,0
347,1,4,0,3,0
349,1,4,0,3,0
351,1,4,0,3,0
353,1,4,0,3,0
355,1,4,0,3,0
357,1,4,0,3,0
359,1,4,0,3,0
361,1,4,0,3,0
363,1,4,0,3,0
365,1,4,0,3,0
367,1,4,0,3,0
369,1,4,0,3,0
371,1,4,0,3,0
373,1,4,0,3,0
375,1,4,0,3,0
377,1,4,0,3,0
379,1,4,0,3,0
381,1,4,0,3,0
383,1,4,0,3,0
385,1,4,0,3,0
387,1,4,0,3,0
389,1,4,0,3,0
391,1,4,0,3,0
393,1,4,0,3,0
395,1,4,0,3,0
397,1,4,0,3,0
399,1,4,0,3,0
401,1,4,0,3,0
403,1,4,0,3,0
405,1,4,0,3,0
407,1,4,0,3,0
409,1,4,0,3,0
411,1,4,0,3,0
413,1,4,0,3,0
415,1,4,0,3,0
417,1,4,0,3,0
419,1,4,0,3,0
421,1,4,0,3,0
423,1,4,0,3,0
425,1,4,0,3,0
427,1,4,0,3,0
429,1,4,0,3,0
431,1,4,0,3,0
433,1,4,0,3,0
435,2,4,0,3,0
437,2,4,0,3,0
439,2,4,0,3,0
441,2,4,0,3,0
443,2,4,0,3,0
445,2,4,0,3,0
447,2,4,0,3,0
449,2,4,0,3,0
451,2,4,0,3,0
453,2,4,0,3,0
455,2,4,0,3,0
457,2,4,0,3,0
459,2,4,0,3,0
461,1,4,0,3,0
463,1,4,0,3,0
465,1,4,0,3,0
467,1,4,0,3,0
469,1,4,0,3,0
471,1,4,0,3,0
473,2,4,0,3,0
475,2,4,0,3,0
477,2,4,0,3,0
479,2,4,0,3,0
481,2,4,0,3,0
483,2,5,0,3,0
485,2,5,0,3,0
487,2,5,0,3,0
489,2,5,0,3,0
491,2,5,0,3,0
493,2,5,0,3,0
495,2,5,0,3,0
497,2,5,0,4,0
499,2,5,0,4,0
501,2,5,0,4,0
503,2,5,0,3,0
505,2,5,0,3,0
507,2,5,0,3,0
509,2,5,0,3,0
511,3,5,0,3,0
513,3,5,0,3,0
515,3,5,0,3,0
517,3,5,0,3,0
519,3,5,0,3,0
521,3,5,0,3,0
523,3,5,0,3,0
525,3,5,0,3,0
527,4,5,0,3,0
529,4,5,0,3,0
531,4,5,0,3,0
533,4,5,0,3,0
535,4,5,0,3,0
537,4,5,0,3,0
539,4,5,0,3,0
541,4,5,0,3,0
543,4,5,0,3,0
545,4,5,0,3,0
547,4,5,0,3,0
549,4,5,0,3,0
551,4,5,0,3,0
553,4,5,0,3,0
555,4,5,0,3,0
557,4,5,0,3,0
559,4,5,0,3,0
561,4,5,0,3,0
563,4,5,0,3,0
565,4,5,0,3,0
567,5,5,0,3,0
569,5,5,0,3,0
571,5,5,0,3,0
573,5,5,0,3,0
575,5,5,0,3,0
577,5,5,0,3,0
579,5,5,0,3,0
581,5,5,0,3,0
583,5,5,0,3,0
585,5,5,0,3,0
587,5,5,0,3,0
589,5,5,0,3,0
591,5,5,0,3,0
593,5,5,0,3,0
595,5,5,0,3,0
597,5,5,0,3,0
599,6,5,0,3,0
601,6,5,0,3,0
603,7,5,0,3,0
605,7,5,0,3,0
607,7,5,0,3,0
609,7,5,0,3,0
611,8,5,0,3,0
613,8,5,0,3,0
615,8,4,0,3,0
617,8,4,0,3,0
619,8,4,0,3,0
621,8,5,0,3,0
623,8,5,0,4,0
625,8,5,0,4,0
627,8,5,0,4,0
629,8,5,0,4,0
631,8,5,0,4,0
633,8,5,0,4,0
635,7,5,0,4,0
637,7,5,0,4,0
639,7,5,0,4,0
641,7,5,0,4,0
643,7,5,0,4,0
645,7,5,0,4,0
647,7,5,0,4,0
649,7,5,0,4,0
651,7,5,0,4,0
653,7,5,0,4,0
655,7,5,0,4,0
657,7,5,0,4,0
659,7,5,0,4,0
661,7,5,0,4,0
663,7,5,0,4,0
665,7,5,0,4,0
667,7,5,0,4,0
669,7,5,0,4,0
671,7,5,0,4,0
673,6,5,0,4,0
675,6,5,0,4,0
677,6,5,0,4,0
679,6,5,0,4,0
681,6,5,0,4,0
683,6,5,0,4,0
685,6,5,0,4,0
687,6,5,0,4,0
689,6,5,0,3,0
691,6,4,0,3,0
693,6,5,0,3,0
695,6,4,0,3,0
697,6,4,0,3,0
699,6,5,0,3,0
701,6,5,0,3,0
703,6,5,0,3,0
705,6,5,0,3,0
707,7,5,0,3,0
709,7,5,0,3,0
711,6,4,0,3,0
713,6,5,0,3,0
715,6,5,0,3,0
717,6,4,0,3,0
719,6,4,0,3,0
721,6,4,0,3,0
723,6,5,0,3,0
725,6,5,0,3,0
727,5,5,0,3,0
729,5,5,0,3,0
731,5,5,0,3,0
733,5,5,0,3,0
735,5,5,0,3,0
737,5,5,0,3,0
739,5,5,0,3,0
741,5,5,0,3,0
743,5,5,0,3,0
745,5,5,0,3,0
747,5,5,0,3,0
749,5,5,0,3,0
751,5,5,0,3,0
753,5,5,0,3,0
755,5,4,0,3,0
757,5,4,0,3,0
759,5,4,0,3,0
761,5,5,0,3,0
763,5,5,0,3,0
765,5,4,0,3,0
767,4,4,0,3,0
769,4,4,0,3,0
771,4,4,0,3,0
773,4,4,0,3,0
775,4,4,0,3,0
777,4,4,0,3,0
779,4,4,0,3,0
781,4,4,0,3,0
783,4,4,0,3,0
785,4,4,0,4,0
787,4,4,0,4,0
789,4,5,0,4,0
791,4,5,0,4,0
793,4,4,0,4,0
795,4,4,0,4,0
797,4,4,0,4,0
799,3,4,0,4,0
801,3,5,0,4,0
803,2,5,0,4,0
805,2,5,0,4,0
807,2,5,0,4,0
809,2,5,0,4,0
811,1,5,0,4,0
813,1,4,0,4,0
815,1,4,0,4,0
817,1,4,0,4,0
819,1,4,0,4,0
821,1,4,0,4,0
823,1,4,0,4,0
825,1,4,0,4,0
827,1,4,0,4,0
829,1,4,0,4,0
831,1,4,0,4,0
833,1,4,0,4,0
835,1,4,0,4,0
837,1,4,0,4,0
839,1,4,0,4,0
841,1,4,0,4,0
843,1,4,0,3,0
845,1,4,0,4,0
847,1,4,0,4,0
849,1,4,0,4,0
851,1,4,0,3,0
853,1,4,0,3,0
855,1,4,0,3,0
857,1,4,0,3,0
859,1,4,0,3,0
861,1,4,0,3,0
863,1,4,0,3,0
865,1,4,0,3,0
867,1,4,0,3,0
869,1,4,0,3,0
871,1,4,0,3,0
873,1,4,0,3,0
875,1,4,0,3,0
877,1,4,0,3,0
879,1,4,0,3,0
881,1,4,0,3,0
883,1,4,0,3,0
885,1,4,0,3,0
887,1,5,0,4,0
889,1,5,0,4,0
891,1,5,0,3,0
893,1,5,0,3,0
895,1,5,0,3,0
897,1,5,0,3,0
899,1,5,0,3,0
901,1,5,0,3,0
903,1,5,0,3,0
905,1,5,0,3,0
907,0,5,0,3,0
909,0,5,0,4,0
911,0,5,0,4,0
913,0,5,0,4,0
915,0,5,0,3,0
917,0,5,0,3,0
919,0,5,0,3,0
921,0,5,0,3,0
923,0,5,0,3,0
925,0,5,0,3,0
927,0,4,0,3,0
929,0,4,0,3,0
931,0,4,0,3,0
933,0,4,0,3,0
935,0,5,0,3,0
937,0,5,0,3,0
939,0,5,0,3,0
941,0,5,0,3,0
943,0,5,0,3,0
945,0,5,0,3,0
947,0,5,0,3,0
949,0,5,0,3,0
951,0,5,0,3,0
953,0,5,0,3,0
955,0,5,0,3,0
957,0,5,0,3,0
959,0,5,0,3,0
961,0,5,0,3,0
963,0,5,0,4,0
965,0,5,0,4,0
967,0,5,0,4,0
969,0,5,0,4,0
971,0,5,0,4,0
973,0,5,0,4,0
975,0,5,0,4,0
977,0,5,0,4,0
979,0,5,0,4,0
981,0,5,0,4,0
983,0,5,0,4,0
985,0,5,0,4,0
987,0,5,0,4,0
989,0,5,0,4,0
991,0,5,0,4,0
993,0,5,0,4,0
995,0,5,0,4,0
997,0,5,0,4,0
999,0,5,0,4,0
1001,0,5,0,4,0
1003,0,5,0,4,0
1005,0,5,0,4,0
1007,0,5,0,4,0
1009,0,5,0,4,0
1011,0,5,0,4,0
1013,0,5,0,4,0
1015,0,5,0,4,0
1017,0,5,0,4,0
1019,0,5,0,4,0
1021,0,5,0,4,0
1023,0,5,0,4,0
1025,0,5,0,4,0
1027,0,5,0,4,0
1029,0,5,0,4,0
1031,0,5,0,4,0
1033,0,5,0,4,0
1035,0,5,0,4,0
1037,0,5,0,4,0
1039,0,5,0,4,0
1041,0,5,0,4,0
1043,0,5,0,4,0
1045,0,5,0,4,0
1047,0,5,0,4,0
1049,0,5,0,4,0
1051,0,5,0,4,0
1053,0,5,0,4,0
1055,0,5,0,4,0
1057,0,5,0,4,0
1059,0,5,0,4,0
1061,0,5,0,4,0
1063,0,5,0,4,0
1065,0,5,0,4,0
1067,0,5,0,4,0
1069,0,5,0,4,0
1071,0,5,0,4,0
1073,0,5,0,4,0
1075,0,5,0,4,0
1077,0,5,0,4,0
1079,0,5,0,4,0
1081,0,5,0,4,0
1083,0,5,0,4,0
1085,0,5,0,4,0
1087,0,5,0,4,0
1089,0,5,0,4,0
1091,0,5,0,4,0
1093,0,5,0,4,0
1095,0,5,0,4,0
1097,0,5,0,4,0
1099,0,5,0,4,0
1101,0,5,0,4,0
1103,0,5,0,4,0
1105,0,5,0,4,0
1107,0,5,0,4,0
1109,0,5,0,4,0
1111,0,5,0,4,0
1113,0,5,0,4,0
1115,0,5,0,4,0
1117,0,5,0,4,0
1119,0,5,0,4,0
1121,0,5,0,4,0
1123,0,5,0,4,0
1125,0,5,0,4,0
1127,0,5,0,4,0
1129,0,5,0,4,0
1131,0,5,0,4,0
1133,0,5,0,4,0
1135,0,5,0,4,0
1137,0,5,0,4,0
1139,0,5,0,4,0
1141,0,5,0,4,0
1143,0,5,0,4,0
1145,0,5,0,4,0
1147,0,5,0,4,0
1149,0,5,0,4,0
1151,0,5,0,4,0
1153,0,5,0,4,0
1155,0,5,0,4,0
1157,0,6,0,4,0
1159,0,6,0,4,0
1161,0,6,0,4,0
1163,0,6,0,4,0
1165,0,6,0,4,0
1167,0,6,0,4,0
1169,0,6,0,4,0
1171,0,5,0,4,0
1173,0,5,0,4,0
1175,0,5,0,4,0
1177,0,5,0,4,0
1179,0,5,0,4,0
1181,0,5,0,4,0
1183,0,5,0,4,0
1185,0,5,0,4,0
1187,0,5,0,4,0
1189,0,5,0,4,0
1191,0,5,0,4,0
1193,0,5,0,4,0
1195,0,5,0,4,0
1197,0,5,0,4,0
1199,0,5,0,4,0
1201,0,5,0,4,0
1203,0,5,0,4,0
1205,0,5,0,4,0
1207,0,5,0,4,0
1209,0,5,0,4,0
1211,0,5,0,4,0
1213,0,5,0,4,0
1215,0,5,0,4,0
1217,0,5,0,4,0
1219,0,5,0,4,0
1221,0,5,0,4,0
1223,0,5,0,4,0
1225,0,5,0,4,0
1227,0,5,0,4,0
1229,0,5,0,4,0
1231,0,5,0,4,0
1233,0,5,0,4,0
1235,0,5,0,4,0
1237,0,5,0,4,0
1239,0,5,0,4,0
1241,0,5,0,4,0
1243,0,5,0,4,0
1245,0,5,0,4,0
1247,0,5,0,4,0
1249,0,5,0,4,0
1251,0,5,0,4,0
1253,0,5,0,4,0
1255,0,5,0,4,0
1257,0,5,0,4,0
1259,0,5,0,4,0
1261,0,5,0,4,0
1263,0,5,0,4,0
1265,0,5,0,4,0
1267,0,5,0,4,0
1269,0,5,0,4,0
1271,0,5,0,4,0
1273,0,5,0,4,0
1275,0,5,0,4,0
1277,0,5,0,4,0
1279,0,5,0,4,0
1281,0,5,0,4,0
1283,0,5,0,4,0
1285,0,5,0,4,0
1287,0,5,0,4,0
1289,0,5,0,4,0
1291,0,5,0,4,0
1293,0,5,0,4,0
1295,0,5,0,4,0
1297,0,5,0,4,0
1299,0,5,0,4,0
1301,0,5,0,4,0
1303,0,5,0,4,0
1305,0,5,0,4,0
1307,0,5,0,4,0
1309,0,5,0,4,0
1311,0,5,0,4,0
1313,0,5,0,4,0
1315,0,5,0,4,0
1317,0,5,0,4,0
1319,0,5,0,4,0
1321,0,5,0,4,0
1323,0,5,0,4,0
1325,0,5,0,4,0
1327,0,5,0,4,0
1329,0,5,0,4,0
1331,0,5,0,4,0
1333,0,5,0,4,0
1335,0,5,0,4,0
1337,0,5,0,4,0
1339,0,5,0,4,0
1341,0,5,0,4,0
1343,0,5,0,4,0
1345,0,5,0,4,0
1347,0,5,0,4,0
1349,0,5,0,4,0
1351,0,5,0,4,0
1353,0,5,0,4,0
1355,0,5,0,4,0
1357,0,5,0,4,0
1359,0,5,0,4,0
1361,0,5,0,4,0
1363,0,5,0,4,0
1365,0,5,0,4,0
1367,0,5,0,4,0
1369,0,5,0,4,0
1371,0,5,0,4,0
1373,0,5,0,4,0
1375,0,5,0,4,0
1377,0,5,0,4,0
1379,0,5,0,4,0
1381,0,5,0,4,0
1383,0,5,0,4,0
1385,0,5,0,4,0
1387,0,5,0,4,0
1389,0,5,0,4,0
1391,0,5,0,4,0
1393,0,5,0,4,0
1395,0,5,0,4,0
1397,0,5,0,4,0
1399,0,5,0,4,0
1401,0,5,0,4,0
1403,0,5,0,4,0
1405,0,5,0,4,0
1407,0,5,0,4,0
1409,0,5,0,4,0
1411,0,5,0,4,0
1413,0,5,0,4,0
1415,0,5,0,4,0
1417,0,5,0,4,0
1419,0,5,0,4,0
1421,0,5,0,4,0
1423,0,5,0,4,0
1425,0,5,0,4,0
1427,0,5,0,4,0
1429,0,5,0,4,0
1431,0,5,0,4,0
1433,0,5,0,4,0
1435,0,5,0,4,0
1437,0,5,0,4,0
1439,0,5,0,4,0
1441,0,5,0,4,0
1443,0,5,0,4,0
1445,0,5,0,4,0
1447,0,5,0,4,0
1449,0,5,0,4,0
1451,0,5,0,4,0
1453,0,5,0,4,0
1455,0,5,0,4,0
1457,0,5,0,4,0
1459,0,5,0,4,0
1461,0,5,0,4,0
1463,0,5,0,4,0
1465,0,5,0,4,0
1467,0,5,0,4,0
1469,0,5,0,4,0
1471,0,5,0,4,0
1473,0,5,0,4,0
1475,0,5,0,4,0
1477,0,5,0,4,0
1479,0,5,0,4,0
1481,0,5,0,4,0
1483,0,5,0,4,0
1485,0,5,0,4,0
1487,0,5,0,4,0
1489,0,5,0,4,0
1491,0,5,0,4,0
1493,0,5,0,4,0
1495,0,5,0,4,0
1497,0,5,0,4,0
1499,0,5,0,4,0
1501,0,5,0,4,0
1503,0,5,0,4,0
1505,0,5,0,4,0
1507,0,5,0,4,0
1509,0,5,0,4,0
1511,0,5,0,4,0
1513,0,5,0,4,0
1515,0,5,0,4,0
1517,0,5,0,4,0
1519,0,5,0,4,0
1521,0,5,0,4,0
1523,0,5,0,4,0
1525,0,5,0,4,0
1527,0,5,0,4,0
1529,0,5,0,4,0
1531,0,5,0,4,0
1533,0,5,0,4,0
1535,0,5,0,4,0
1537,0,5,0,4,0
1539,0,5,0,4,0
1541,0,5,0,4,0
1543,0,5,0,4,0
1545,0,5,0,4,0
1547,0,5,0,4,0
1549,0,5,0,4,0
1551,0,5,0,4,0
1553,0,5,0,4,0
1555,0,5,0,4,0
1557,0,5,0,4,0
1559,0,5,0,3,0
1561,0,5,0,3,0
1563,0,5,0,3,0
1565,0,5,0,4,0
1567,0,5,0,4,0
1569,0,5,0,4,0
1571,0,5,0,4,0
1573,0,5,0,4,0
1575,0,5,0,4,0
1577,0,5,0,4,0
1579,0,5,0,4,0
1581,0,5,0,4,0
1583,0,5,0,4,0
1585,0,5,0,4,0
1587,0,5,0,4,0
1589,0,5,0,4,0
1591,0,5,0,4,0
1593,0,5,0,4,0
1595,0,5,0,4,0
1597,0,5,0,4,0
1599,0,5,0,4,0
1601,0,5,0,4,0
1603,0,5,0,4,0
1605,0,5,0,4,0
1607,0,5,0,4,0
1609,0,5,0,4,0
1611,0,5,0,4,0
1613,0,5,0,4,0
1615,0,5,0,4,0
1617,0,5,0,4,0
1619,0,5,0,4,0
1621,0,5,0,4,0
1623,0,5,0,4,0
1625,0,5,0,4,0
1627,0,5,0,4,0
1629,0,5,0,4,0
1631,0,5,0,4,0
1633,0,5,0,4,0
1635,0,5,0,4,0
1637,0,5,0,4,0
1639,0,5,0,4,0
1641,0,5,0,4,0
1643,0,5,0,4,0
1645,0,5,0,4,0
1647,0,5,0,4,0
1649,0,5,0,4,0
1651,0,5,0,4,0
1653,0,5,0,4,0
1655,0,5,0,4,0
1657,0,5,0,4,0
1659,0,5,0,4,0
1661,0,5,0,4,0
1663,0,5,0,4,0
1665,0,5,0,4,0
1667,0,5,0,4,0
1669,0,5,0,4,0
1671,0,5,0,4,0
1673,0,5,0,4,0
1675,0,5,0,4,0
1677,0,5,0,4,0
1679,0,5,0,4,0
1681,0,5,0,4,0
1683,0,5,0,4,0
1685,0,5,0,4,0
1687,0,5,0,4,0
1689,0,5,0,4,0
1691,0,5,0,4,0
1693,0,5,0,4,0
1695,0,5,0,4,0
1697,0,5,0,4,0
1699,0,5,0,4,0
1701,0,5,0,4,0
1703,0,5,0,4,0
1705,0,5,0,4,0
1707,0,5,0,4,0
1709,0,5,0,4,0
1711,0,5,0,4,0
1713,0,5,0,4,0
1715,0,5,0,4,0
1717,0,5,0,4,0
1719,0,5,0,4,0
1721,0,5,0,4,0
1723,0,5,0,4,0
1725,0,5,0,4,0
1727,0,5,0,4,0
1729,0,5,0,4,0
1731,0,5,0,4,0
1733,0,5,0,4,0
1735,0,5,0,4,0
1737,0,5,0,4,0
1739,0,5,0,4,0
1741,0,5,0,4,0
1743,0,5,0,4,0
1745,0,5,0,4,0
1747,0,5,0,4,0
1749,0,5,0,4,0
1751,0,5,0,4,0
1753,0,5,0,4,0
1755,0,5,0,4,0
1757,0,5,0,4,0
1759,0,5,0,4,0
1761,0,5,0,4,0
1763,0,5,0,4,0
1765,0,5,0,4,0
1767,0,5,0,4,0
1769,0,5,0,4,0
1771,0,5,0,4,0
1773,0,5,0,4,0
1775,0,5,0,4,0
1777,0,5,0,4,0
1779,0,5,0,4,0
1781,0,4,0,4,0
1783,0,4,0,4,0
1785,0,4,0,4,0
1787,0,5,0,4,0
1789,0,4,0,4,0
1791,0,5,0,4,0
1793,0,5,0,4,0
1795,0,5,0,4,0
1797,0,5,0,4,0
1799,0,5,0,4,0
1801,0,5,0,4,0
1803,0,5,0,4,0
1805,0,5,0,4,0
1807,0,5,0,4,0
1809,0,5,0,4,0
1811,0,5,0,4,0
1813,0,5,0,4,0
1815,0,5,0,4,0
1817,0,5,0,4,0
1819,0,5,0,4,0
1821,0,5,0,4,0
1823,0,5,0,4,0
1825,0,5,0,4,0
1827,0,5,0,4,0
1829,0,5,0,4,0
1831,0,5,0,4,0
1833,0,5,0,4,0
1835,0,5,0,4,0
1837,0,5,0,4,0
1839,0,5,0,4,0
1841,0,5,0,4,0
1843,0,5,0,4,0
1845,0,5,0,4,0
1847,0,5,0,4,0
1849,0,5,0,4,0
1851,0,5,0,4,0
1853,0,5,0,4,0
1855,0,5,0,4,0
1857,0,5,0,4,0
1859,0,5,0,4,0
1861,0,5,0,4,0
1863,0,5,0,4,0
1865,0,5,0,4,0
1867,0,5,0,4,0
1869,0,5,0,4,0
1871,0,5,0,4,0
1873,0,5,0,4,0
1875,0,5,0,4,0
1877,0,5,0,4,0
1879,0,5,0,4,0
1881,0,5,0,4,0
1883,0,5,0,4,0
1885,0,5,0,4,0
1887,0,5,0,4,0
1889,0,5,0,4,0
1891,0,5,0,4,0
1893,0,5,0,4,0
1895,0,5,0,4,0
1897,0,5,0,4,0
1899,0,5,0,4,0
1901,0,5,0,4,0
1903,0,5,0,4,0
1905,0,5,0,4,0
1907,0,5,0,4,0
1909,0,5,0,4,0
1911,0,5,0,4,0
1913,0,5,0,4,0
1915,0,5,0,4,0
1917,0,5,0,4,0
1919,0,5,0,4,0
1921,0,5,0,4,0
1923,0,5,0,4,0
1925,0,5,0,4,0
1927,0,5,0,4,0
1929,0,5,0,4,0
1931,0,5,0,4,0
1933,0,5,0,4,0
1935,0,5,0,4,0
1937,0,5,0,4,0
1939,0,5,0,4,0
1941,0,5,0,4,0
1943,0,5,0,4,0
1945,0,5,0,4,0
1947,0,5,0,4,0
1949,0,5,0,4,0
1951,0,5,0,4,0
1953,0,5,0,4,0
1955,0,5,0,4,0
1957,0,5,0,4,0
1959,0,5,0,4,0
1961,0,5,0,4,0
1963,0,5,0,4,0
1965,0,5,0,4,0
1967,1,5,0,4,0
1969,1,5,0,4,0
1971,1,5,0,4,0
1973,1,5,0,4,0
1975,1,5,0,4,0
1977,1,5,0,4,0
1979,1,5,0,4,0
1981,1,5,0,4,0
1983,1,5,0,4,0
1985,1,5,0,4,0
1987,1,5,0,4,0
1989,1,5,0,4,0
1991,1,5,0,4,0
1993,1,5,0,4,0
1995,1,5,0,4,0
1997,1,5,0,4,0
1999,1,5,0,4,0
2001,1,5,0,4,0
2003,1,5,0,4,0
2005,1,5,0,4,0
2007,1,5,0,4,0
2009,1,5,0,4,0
2011,1,5,0,4,0
2013,1,5,0,4,0
2015,1,5,0,4,0
2017,1,5,0,4,0
2019,1,5,0,4,0
2021,1,5,0,4,0
2023,1,5,0,4,0
2025,1,5,0,4,0
2027,1,5,0,4,0
2029,1,5,0,4,0
2031,1,5,0,4,0
2033,1,5,0,4,0
2035,1,5,0,4,0
2037,1,5,0,4,0
2039,1,5,0,4,0
2041,1,5,0,4,0
2043,1,5,0,4,0
2045,1,5,0,4,0
2047,1,5,0,4,0
2049,1,5,0,4,0
2051,1,5,0,4,0
2053,1,5,0,4,0
2055,1,5,0,4,0
2057,1,5,0,4,0
2059,1,5,0,4,0
2061,1,5,0,4,0
2063,1,5,0,4,0
2065,1,5,0,4,0
2067,1,5,0,4,0
2069,1,5,0,4,0
2071,1,5,0,4,0
2073,1,5,0,4,0
2075,1,5,0,4,0
2077,1,5,0,4,0
2079,1,5,0,4,0
2081,1,5,0,4,0
2083,1,5,0,4,0
2085,1,5,0,4,0
2087,1,5,0,4,0
2089,1,5,0,4,0
2091,1,5,0,4,0
2093,1,5,0,4,0
2095,1,5,0,4,0
2097,1,5,0,4,0
2099,1,5,0,4,0
2101,1,5,0,4,0
2103,1,5,0,4,0
2105,1,5,0,4,0
2107,1,5,0,4,0
2109,1,5,0,4,0
2111,1,5,0,4,0
2113,1,5,0,4,0
2115,1,5,0,4,0
2117,1,5,0,4,0
2119,1,5,0,4,0
2121,1,5,0,4,0
2123,1,5,0,4,0
2125,1,5,0,4,0
2127,1,5,0,4,0
2129,1,5,0,4,0
2131,1,5,0,4,0
2133,1,5,0,4,0
2135,1,5,0,4,0
2137,1,5,0,4,0
2139,1,5,0,4,0
2141,1,5,0,4,0
2143,1,5,0,4,0
2145,1,5,0,4,0
2147,1,5,0,4,0
2149,1,5,0,4,0
2151,1,5,0,4,0
2153,1,5,0,4,0
2155,1,5,0,4,0
2157,1,5,0,4,0
2159,1,5,0,4,0
2161,1,5,0,4,0
2163,1,5,0,4,0
2165,1,6,0,4,0
2167,0,6,0,4,0
2169,0,6,0,4,0
2171,0,6,0,4,0
2173,0,6,0,4,0
2175,0,6,0,4,0
2177,0,6,0,4,0
2179,0,6,0,4,0
2181,0,6,0,4,0
2183,0,6,0,4,0
2185,0,6,0,4,0
2187,0,6,0,4,0
2189,0,6,0,4,0
2191,0,6,0,4,0
2193,0,6,0,4,0
2195,0,6,0,4,0
2197,0,6,0,4,0
2199,0,6,0,4,0
2201,0,5,0,4,0
2203,0,5,0,4,0
2205,0,6,0,4,0
2207,0,6,0,4,0
2209,0,6,0,4,0
2211,0,6,0,4,0
2213,0,6,0,4,0
2215,0,6,0,5,0
2217,0,6,0,4,0
2219,0,6,0,5,0
2221,0,6,0,5,0
2223,0,6,0,5,0
2225,0,5,0,5,0
2227,0,5,0,5,0
2229,0,5,0,4,0
2231,0,5,0,4,0
2233,0,5,0,4,0
2235,0,5,0,4,0
2237,0,5,0,4,0
2239,0,5,0,4,0
2241,0,5,0,4,0
2243,0,6,0,4,0
2245,0,6,0,4,0
2247,0,5,0,4,0
2249,0,5,0,4,0
2251,0,5,0,4,0
2253,0,5,0,4,0
2255,0,5,0,4,0
2257,0,5,0,4,0
2259,0,5,0,4,0
2261,0,5,0,4,0
2263,0,5,0,4,0
2265,0,5,0,4,0
2267,0,5,0,4,0
2269,0,5,0,4,0
2271,0,5,0,4,0
2273,0,5,0,4,0
2275,0,5,0,4,0
2277,0,5,0,4,0
2279,0,5,0,4,0
2281,0,5,0,4,0
2283,0,5,0,4,0
2285,0,5,0,4,0
2287,0,5,0,4,0
2289,0,5,0,4,0
2291,0,5,0,4,0
2293,0,5,0,4,0
2295,0,5,0,4,0
2297,0,5,0,4,0
2299,0,5,0,4,0
2301,0,6,0,4,0
2303,0,6,0,4,0
2305,0,6,0,4,0
2307,0,6,0,4,0
2309,0,6,0,4,0
2311,0,6,0,4,0
2313,0,6,0,4,0
2315,0,6,0,4,0
2317,0,6,0,4,0
2319,0,6,0,4,0
2321,0,6,0,4,0
2323,0,6,0,4,0
2325,0,6,0,4,0
2327,0,6,0,4,0
2329,0,6,0,4,0
2331,0,6,0,4,0
2333,0,6,0,4,0
2335,0,6,0,4,0
2337,0,6,0,5,0
2339,0,6,0,5,0
2341,0,6,0,5,0
2343,0,6,0,5,0
2345,0,6,0,5,0
2347,0,5,0,4,0
2349,0,6,0,4,0
2351,0,6,0,4,0
2353,0,6,0,4,0
2355,0,6,0,4,0
2357,0,6,0,4,0
2359,0,5,0,4,0
2361,0,5,0,4,0
2363,0,6,0,4,0
2365,0,6,0,4,0
2367,0,6,0,5,0
2369,0,6,0,5,0
2371,1,6,0,5,0
2373,1,6,0,5,0
2375,1,6,0,5,0
2377,1,6,0,5,0
2379,1,6,0,5,0
2381,1,6,0,5,0
2383,1,6,0,5,0
2385,1,6,0,5,0
2387,1,6,0,5,0
2389,1,6,0,5,0
2391,1,6,0,5,0
2393,1,6,0,5,0
2395,1,6,0,5,0
2397,1,6,0,5,0
2399,1,6,0,5,0
2401,1,6,0,5,0
2403,1,6,0,5,0
2405,1,6,0,5,0
2407,1,6,0,5,0
2409,1,6,0,4,0
2411,1,6,0,4,0
2413,1,6,0,4,0
2415,1,6,0,4,0
2417,2,6,0,4,0
2419,2,6,0,4,0
2421,2,6,0,4,0
2423,2,6,0,4,0
2425,2,6,0,4,0
2427,2,5,0,4,0
2429,2,5,0,4,0
2431,2,5,0,4,0
2433,2,5,0,4,0
2435,2,5,0,4,0
2437,2,5,0,4,0
2439,2,6,0,4,0
2441,2,6,0,4,0
2443,2,6,0,4,0
2445,2,5,0,4,0
2447,2,6,0,4,0
2449,2,6,0,4,0
2451,2,5,0,4,0
2453,2,5,0,4,0
2455,2,5,0,4,0
2457,2,5,0,4,0
2459,2,5,0,4,0
2461,2,5,0,4,0
2463,2,5,0,4,0
2465,2,5,0,4,0
2467,2,5,0,4,0
2469,2,5,0,4,0
2471,2,5,0,4,0
2473,2,5,0,4,0
2475,2,5,0,4,0
2477,2,5,0,4,0
2479,2,5,0,4,0
2481,2,5,0,4,0
2483,2,5,0,4,0
2485,2,5,0,4,0
2487,2,5,0,4,0
2489,2,5,0,5,0
2491,2,5,0,5,0
2493,2,6,0,5,0
2495,2,6,0,5,0
2497,2,6,0,5,0
2499,2,6,0,5,0
2501,2,6,0,5,0
2503,2,6,0,5,0
2505,2,6,0,5,0
2507,2,6,0,5,0
2509,2,6,0,5,0
2511,2,6,0,5,0
2513,2,6,0,5,0
2515,2,6,0,5,0
2517,2,6,0,5,0
2519,2,6,0,5,0
2521,2,6,0,5,0
2523,2,6,0,5,0
2525,2,6,0,5,0
2527,2,6,0,5,0
2529,2,6,0,5,0
2531,2,6,0,5,0
2533,2,6,0,5,0
2535,2,6,0,5,0
2537,2,6,0,5,0
2539,2,6,0,5,0
2541,2,6,0,5,0
2543,2,6,0,5,0
2545,2,6,0,5,0
2547,2,6,0,5,0
2549,2,6,0,5,0
2551,2,6,0,5,0
2553,2,6,0,5,0
2555,2,6,0,5,0
2557,2,6,0,5,0
2559,2,6,0,5,0
2561,2,7,0,5,0
2563,2,6,0,5,0
2565,2,6,0,5,0
2567,2,6,0,5,0
2569,2,6,0,5,0
2571,1,6,0,5,0
2573,1,6,0,5,0
2575,1,6,0,5,0
2577,1,6,0,5,0
2579,1,6,0,5,0
2581,1,6,0,5,0
2583,1,6,0,5,0
2585,1,6,0,5,0
2587,1,7,0,5,0
2589,1,6,0,5,0
2591,1,7,0,5,0
2593,1,7,0,5,0
2595,1,7,0,5,0
2597,1,7,0,5,0
2599,1,7,0,5,0
2601,1,6,0,5,0
2603,1,6,0,5,0
2605,1,6,0,5,0
2607,1,6,0,5,0
2609,1,6,0,5,0
2611,1,6,0,5,0
2613,1,6,0,5,0
2615,1,6,0,5,0
2617,0,6,0,5,0
2619,0,6,0,5,0
2621,0,6,0,5,0
2623,0,6,0,5,0
2625,0,6,0,5,0
2627,0,6,0,5,0
2629,0,6,0,5,0
2631,0,6,0,5,0
2633,0,6,0,5,0
2635,0,6,0,5,0
2637,0,6,0,5,0
2639,0,6,0,5,0
2641,0,6,0,5,0
2643,0,6,0,5,0
2645,0,6,0,5,0
2647,0,6,0,5,0
2649,0,6,0,5,0
2651,0,6,0,5,0
2653,0,6,0,5,0
2655,0,6,0,5,0
2657,0,6,0,5,0
2659,0,6,0,5,0
2661,0,6,0,5,0
2663,0,7,0,6,1
2665,0,7,0,6,1
2667,0,7,0,6,1
2669,0,7,0,6,1
2671,0,7,0,6,1
2673,0,7,0,6,1
2675,0,7,0,5,1
2677,0,7,0,5,0
2679,0,6,0,5,0
2681,0,6,0,5,0
2683,0,6,0,5,0
2685,0,6,0,5,1
2687,0,6,0,5,1
2689,0,6,0,5,0
2691,0,6,0,5,0
2693,0,6,0,5,0
2695,0,6,0,5,0
2697,0,6,0,5,0
2699,0,6,0,5,0
2701,0,6,0,5,0
2703,0,6,0,5,0
2705,0,6,0,5,0
2707,1,6,0,5,0
2709,1,6,0,5,0
2711,1,6,0,5,0
2713,1,6,0,5,0
2715,1,6,0,5,0
2717,1,6,0,5,0
2719,1,6,0,5,0
2721,1,6,0,5,0
2723,1,6,0,5,0
2725,1,6,0,5,0
2727,1,6,0,5,0
2729,1,6,0,5,0
2731,1,6,0,5,0
2733,2,6,0,5,0
2735,2,6,0,5,0
2737,2,6,0,5,0
2739,2,6,0,5,0
2741,2,6,0,5,0
2743,2,6,0,5,0
2745,3,6,0,5,0
2747,3,6,0,5,0
2749,3,6,0,5,0
2751,3,6,0,5,0
2753,3,6,0,5,0
2755,3,6,0,5,0
2757,3,6,0,5,0
2759,3,6,0,5,0
2761,3,6,0,5,0
2763,3,6,0,5,0
2765,3,6,0,5,0
2767,3,6,0,5,0
2769,3,6,0,5,0
2771,3,6,0,5,0
2773,3,6,0,5,0
2775,3,6,0,5,0
2777,3,5,0,5,0
2779,3,5,0,4,0
2781,3,5,0,4,0
2783,3,5,0,4,0
2785,3,5,0,4,0
2787,3,5,0,4,0
2789,3,5,0,4,0
2791,3,5,0,4,0
2793,3,5,0,4,0
2795,4,5,0,4,0
2797,4,5,0,4,0
2799,4,5,0,4,0
2801,4,5,0,4,0
2803,4,5,0,4,0
2805,4,5,0,4,0
2807,4,5,0,4,0
2809,4,5,0,4,0
2811,4,6,0,4,0
2813,5,6,0,5,0
2815,5,6,0,5,0
2817,6,6,0,4,0
2819,6,6,0,4,0
2821,7,6,0,4,0
2823,7,6,0,4,0
2825,7,6,0,4,0
2827,7,6,0,4,0
2829,7,6,0,4,0
2831,7,6,0,4,0
2833,7,6,0,4,0
2835,7,6,0,4,0
2837,7,6,0,4,0
2839,7,6,0,4,0
2841,7,6,0,4,0
2843,7,6,0,4,0
2845,7,6,0,4,0
2847,7,6,0,4,0
2849,7,6,0,4,0
2851,7,6,0,4,0
2853,7,5,0,4,0
2855,7,5,0,4,0
2857,7,5,0,4,0
2859,7,5,0,4,0
2861,7,5,0,4,0
2863,7,5,0,4,0
2865,7,5,0,4,0
2867,7,5,0,4,0
2869,7,5,0,4,0
2871,8,5,0,4,0
2873,8,5,0,4,0
2875,8,5,0,4,0
2877,8,5,0,4,0
2879,8,5,0,4,0
2881,8,5,0,4,0
2883,8,5,0,4,0
2885,8,5,0,4,0
2887,8,5,0,4,0
2889,8,5,0,4,0
2891,8,5,0,4,0
2893,8,5,0,4,0
2895,8,5,0,4,0
2897,8,5,0,4,0
2899,8,5,0,4,0
2901,8,5,0,4,0
2903,8,5,0,4,0
2905,8,5,0,4,0
2907,7,5,0,4,0
2909,7,5,0,4,0
2911,7,5,0,4,0
2913,9,5,0,4,0
2915,9,5,0,4,0
2917,9,5,0,4,0
2919,9,5,0,4,0
2921,9,5,0,4,0
2923,9,5,0,4,0
2925,9,5,0,4,0
2927,9,5,0,4,0
2929,9,5,0,4,0
2931,9,5,0,4,0
2933,8,5,0,4,0
2935,8,5,0,4,0
2937,8,5,0,4,0
2939,8,5,0,4,0
2941,8,5,0,4,0
2943,8,5,0,4,0
2945,7,5,0,4,0
2947,7,5,0,4,0
2949,7,5,0,4,0
2951,7,5,0,4,0
2953,8,5,0,4,0
2955,8,5,0,4,0
2957,8,5,0,4,0
2959,9,5,0,4,0
2961,9,5,0,4,0
2963,9,5,0,4,0
2965,9,5,0,4,0
2967,9,5,0,4,0
2969,9,5,0,4,0
2971,9,5,0,4,0
2973,9,5,0,4,0
2975,9,5,0,4,0
2977,9,5,0,4,0
2979,9,5,0,4,0
2981,9,5,0,4,0
2983,9,5,0,4,0
2985,9,5,0,4,0
2987,9,5,0,4,0
2989,9,5,0,4,0
2991,9,5,0,4,0
2993,9,5,0,4,0
2995,8,5,0,4,0
2997,8,5,0,4,0
2999,8,5,0,4,0
3001,8,5,0,4,0
3003,8,5,0,3,0
3005,8,5,0,3,0
3007,8,5,0,3,0
3009,8,5,0,3,0
3011,8,5,0,3,0
3013,7,5,0,3,0
3015,7,5,0,3,0
3017,6,5,0,3,0
3019,6,5,0,3,0
3021,5,5,0,3,0
3023,5,5,0,3,0
3025,5,5,0,3,0
3027,5,5,0,3,0
3029,5,5,0,3,0
3031,5,5,0,3,0
3033,5,5,0,3,0
3035,5,4,0,3,0
3037,5,4,0,3,0
3039,6,4,0,3,0
3041,6,4,0,3,0
3043,6,4,0,3,0
3045,6,4,0,3,0
3047,6,4,0,3,0
3049,6,4,0,3,0
3051,7,4,0,3,0
3053,7,4,0,3,0
3055,7,5,0,3,0
3057,7,5,0,3,0
3059,7,5,0,3,0
3061,7,5,0,3,0
3063,7,5,0,3,0
3065,7,5,0,3,0
3067,7,5,0,3,0
3069,8,5,0,3,0
3071,7,5,0,3,0
3073,7,5,0,3,0
3075,7,5,0,3,0
3077,7,5,0,3,0
3079,7,5,0,3,0
3081,7,5,0,3,0
3083,7,5,0,3,0
3085,7,5,0,3,0
3087,7,5,0,3,0
3089,7,5,0,3,0
3091,7,4,0,3,0
3093,7,4,0,3,0
3095,8,4,0,3,0
3097,8,4,0,3,0
3099,8,4,0,3,0
3101,8,4,0,3,0
3103,8,4,0,3,0
3105,8,4,0,3,0
3107,8,4,0,3,0
3109,8,4,0,3,0
3111,8,4,0,3,0
3113,6,4,0,3,0
3115,6,4,0,3,0
3117,6,4,0,3,0
3119,6,4,0,3,0
3121,6,4,0,3,0
3123,6,4,0,3,0
3125,6,4,0,3,0
3127,6,4,0,3,0
3129,6,4,0,3,0
3131,6,4,0,3,0
3133,6,4,0,3,0
3135,6,4,0,3,0
3137,6,3,0,3,0
3139,6,3,0,3,0
3141,6,4,0,3,0
3143,6,4,0,3,0
3145,6,4,0,3,0
3147,6,4,0,3,0
3149,6,4,0,3,0
3151,6,4,0,3,0
3153,5,4,0,3,0
3155,5,4,0,3,0
3157,5,4,0,3,0
3159,4,4,0,3,0
3161,4,4,0,3,0
3163,4,4,0,3,0
3165,4,4,0,3,0
3167,4,4,0,3,0
3169,4,4,0,3,0
3171,5,4,0,3,0
3173,5,4,0,3,0
3175,5,4,0,3,0
3177,5,4,0,3,0
3179,5,4,0,3,0
3181,5,4,0,3,0
3183,5,4,0,3,0
3185,5,4,0,3,0
3187,5,4,0,3,0
3189,5,4,0,3,0
3191,5,4,0,3,0
3193,5,4,0,3,0
3195,5,4,0,3,0
3197,5,4,0,3,0
3199,5,4,0,3,0
3201,5,4,0,3,0
3203,5,4,0,3,0
3205,5,4,0,3,0
3207,5,4,0,3,0
3209,5,4,0,3,0
3211,5,4,0,3,0
3213,6,4,0,3,0
3215,6,4,0,3,0
3217,6,4,0,3,0
3219,6,4,0,3,0
3221,6,4,0,3,0
3223,6,4,0,3,0
3225,6,4,0,3,0
3227,6,4,0,3,0
3229,6,4,0,3,0
3231,6,4,0,3,0
3233,6,4,0,3,0
3235,6,4,0,3,0
3237,6,3,0,3,0
3239,5,4,0,3,0
3241,5,4,0,3,0
3243,5,4,0,3,0
3245,5,4,0,3,0
3247,5,4,0,3,0
3249,5,4,0,3,0
3251,4,4,0,3,0
3253,4,4,0,3,0
3255,4,4,0,3,0
3257,4,4,0,3,0
3259,4,4,0,3,0
3261,4,4,0,3,0
3263,4,4,0,3,0
3265,4,4,0,3,0
3267,4,4,0,3,0
3269,3,4,0,3,0
3271,3,4,0,3,0
3273,3,4,0,3,0
3275,3,4,0,3,0
3277,3,4,0,3,0
3279,3,4,0,3,0
3281,3,4,0,3,0
3283,3,4,0,3,0
3285,3,4,0,3,0
3287,3,4,0,3,0
3289,3,4,0,3,0
3291,3,4,0,3,0
3293,3,4,0,3,0
3295,2,4,0,3,0
3297,2,4,0,3,0
3299,2,4,0,3,0
3301,2,4,0,3,0
3303,2,4,0,3,0
3305,2,4,0,3,0
3307,2,4,0,3,0
3309,2,4,0,3,0
3311,2,4,0,3,0
3313,2,4,0,3,0
3315,2,4,0,3,0
3317,2,4,0,3,0
3319,2,4,0,3,0
3321,2,4,0,3,0
3323,2,4,0,3,0
3325,2,4,0,3,0
3327,2,4,0,3,0
3329,2,4,0,3,0
3331,2,4,0,3,0
3333,2,4,0,3,0
3335,2,4,0,3,0
3337,2,4,0,3,0
3339,2,4,0,3,0
3341,2,4,0,3,0
3343,2,4,0,3,0
3345,2,4,0,3,0
3347,2,4,0,3,0
3349,2,4,0,3,0
3351,2,4,0,3,0
3353,2,4,0,3,0
3355,2,4,0,3,0
3357,2,4,0,3,0
3359,2,4,0,3,0
3361,2,4,0,3,0
3363,2,4,0,3,0
3365,2,4,0,3,0
3367,2,4,0,3,0
3369,2,4,0,3,0
3371,1,4,0,3,0
3373,1,4,0,3,0
3375,1,4,0,3,0
3377,1,4,0,3,0
3379,1,4,0,3,0
3381,1,4,0,3,0
3383,1,4,0,3,0
3385,1,4,0,3,0
3387,1,4,0,3,0
3389,1,4,0,3,0
3391,1,4,0,3,0
3393,1,4,0,3,0
3395,1,4,0,3,0
3397,1,4,0,3,0
3399,1,4,0,3,0
3401,1,4,0,3,0
3403,1,4,0,3,0
3405,1,4,0,3,0
3407,1,4,0,3,0
3409,1,4,0,3,0
3411,1,4,0,3,0
3413,0,4,0,3,0
3415,0,4,0,3,0
3417,0,4,0,3,0
3419,0,4,0,3,0
3421,0,4,0,3,0
3423,0,4,0,3,0
3425,0,4,0,3,0
3427,0,4,0,3,0
3429,0,4,0,3,0
3431,0,4,0,3,0
3433,0,4,0,3,0
3435,0,4,0,3,0
3437,0,4,0,3,0
3439,0,4,0,3,0
3441,0,4,0,3,0
3443,0,4,0,3,0
3445,0,4,0,3,0
3447,0,4,0,3,0
3449,0,4,0,3,0
3451,0,4,0,3,0
3453,0,4,0,3,0
3455,0,4,0,3,0
3457,0,4,0,3,0
3459,0,4,0,3,0
3461,0,4,0,3,0
3463,0,5,0,3,0
3465,0,5,0,3,0
3467,0,5,0,4,0
3469,0,5,0,4,0
3471,0,5,0,4,0
3473,0,4,0,4,0
3475,0,4,0,4,0
3477,0,4,0,4,0
3479,0,4,0,4,0
3481,0,4,0,4,0
3483,0,5,0,4,0
3485,0,5,0,4,0
3487,0,5,0,4,0
3489,0,5,0,4,0
3491,0,5,0,4,0
3493,0,5,0,4,0
3495,0,5,0,4,0
3497,0,5,0,4,0
3499,1,5,0,4,0
3501,1,5,0,4,0
3503,1,5,0,4,0
3505,1,5,0,4,0
3507,1,5,0,4,0
3509,1,5,0,4,0
3511,1,5,0,4,0
3513,1,5,0,4,0
3515,1,5,0,4,0
3517,1,5,0,4,0
3519,1,5,0,4,0
3521,1,5,0,4,0
3523,1,5,0,4,0
3525,1,5,0,4,0
3527,1,5,0,4,0
3529,1,5,0,4,0
3531,1,5,0,4,0
3533,1,5,0,4,0
3535,1,5,0,4,0
3537,1,5,0,4,0
3539,1,5,0,4,0
3541,1,5,0,4,0
3543,1,5,0,4,0
3545,1,5,0,4,0
3547,1,5,0,4,0
3549,1,5,0,4,0
3551,1,5,0,4,0
3553,1,5,0,4,0
3555,1,5,0,4,0
3557,1,5,0,4,0
3559,1,5,0,4,0
3561,1,5,0,4,0
3563,1,5,0,4,0
3565,1,5,0,4,0
3567,1,5,0,4,0
3569,1,5,0,4,0
3571,1,5,0,4,0
3573,1,5,0,4,0
3575,1,5,0,4,0
3577,1,5,0,4,0
3579,1,5,0,4,0
3581,1,5,0,4,0
3583,1,5,0,4,0
3585,1,5,0,4,0
3587,1,5,0,4,0
3589,1,5,0,4,0
3591,1,5,0,4,0
3593,1,5,0,4,0
3595,1,5,0,4,0
3597,1,5,0,4,0
3599,1,5,0,4,0
3601,1,5,0,4,0
3603,1,5,0,4,0
3605,1,5,0,4,0
3607,1,5,0,4,0
3609,1,5,0,4,0
3611,1,5,0,4,0
3613,1,5,0,4,0
3615,1,5,0,4,0
3617,1,5,0,4,0
3619,1,5,0,4,0
3621,2,5,0,4,0
3623,2,5,0,4,0
3625,2,5,0,4,0
3627,2,5,0,4,0
3629,2,5,0,4,0
3631,2,5,0,4,0
3633,2,5,0,4,0
3635,2,5,0,4,0
3637,2,5,0,4,0
3639,2,5,0,4,0
3641,2,5,0,4,0
3643,2,5,0,4,0
3645,2,5,0,4,0
3647,2,5,0,4,0
3649,2,5,0,4,0
3651,2,5,0,4,0
3653,2,5,0,4,0
3655,2,5,0,4,0
3657,2,5,0,4,0
3659,2,5,0,4,0
3661,2,5,0,4,0
3663,2,5,0,4,0
3665,2,5,0,4,0
3667,2,5,0,4,0
3669,2,5,0,4,0
3671,2,5,0,4,0
3673,2,5,0,4,0
3675,2,5,0,4,0
3677,2,5,0,4,0
3679,2,5,0,4,0
3681,2,5,0,4,0
3683,2,5,0,4,0
3685,2,5,0,4,0
3687,2,5,0,4,0
3689,2,5,0,4,0
3691,2,5,0,4,0
3693,2,5,0,4,0
3695,2,5,0,4,0
3697,2,5,0,4,0
3699,1,5,0,4,0
3701,1,4,0,3,0
3703,1,4,0,3,0
3705,1,4,0,3,0
3707,1,4,0,3,0
3709,1,4,0,3,0
3711,1,4,0,3,0
3713,1,4,0,3,0
3715,1,4,0,3,0
3717,1,4,0,3,0
3719,1,4,0,4,0
3721,1,4,0,4,0
3723,1,4,0,4,0
3725,1,4,0,3,0
3727,1,4,0,3,0
3729,1,4,0,3,0
3731,1,4,0,3,0
3733,1,4,0,3,0
3735,1,4,0,3,0
3737,1,4,0,3,0
3739,1,4,0,3,0
3741,1,4,0,3,0
3743,1,4,0,3,0
3745,1,4,0,3,0
3747,1,4,0,3,0
3749,1,4,0,3,0
3751,1,4,0,3,0
3753,1,5,0,4,0
3755,1,5,0,4,0
3757,1,5,0,4,0
3759,1,4,0,4,0
3761,1,4,0,4,0
3763,1,4,0,4,0
3765,1,4,0,4,0
3767,1,5,0,4,0
3769,1,5,0,4,0
3771,1,5,0,4,0
3773,1,5,0,4,0
3775,1,5,0,4,0
3777,1,5,0,4,0
3779,1,5,0,4,0
3781,1,5,0,4,0
3783,1,5,0,4,0
3785,1,5,0,4,0
3787,1,5,0,4,0
3789,1,5,0,4,0
3791,1,5,0,4,0
3793,1,5,0,4,0
3795,1,5,0,4,0
3797,1,5,0,4,0
3799,1,5,0,4,0
3801,1,5,0,4,0
3803,1,5,0,4,0
3805,1,5,0,4,0
3807,1,5,0,4,0
3809,1,5,0,4,0
3811,1,5,0,4,0
3813,1,5,0,4,0
3815,1,5,0,4,0
3817,1,5,0,4,0
3819,1,5,0,4,0
3821,0,5,0,4,0
3823,0,5,0,4,0
3825,0,5,0,4,0
3827,0,5,0,4,0
3829,0,5,0,4,0
3831,0,5,0,4,0
3833,0,5,0,4,0
3835,0,5,0,4,0
3837,0,5,0,4,0
3839,0,5,0,4,0
3841,0,5,0,4,0
3843,0,5,0,4,0
3845,0,5,0,4,0
3847,0,5,0,4,0
3849,0,5,0,4,0
3851,0,4,0,4,0
3853,0,4,0,4,0
3855,0,4,0,4,0
3857,0,4,0,4,0
3859,0,4,0,4,0
3861,0,4,0,4,0
3863,0,5,0,4,0
3865,0,5,0,4,0
3867,0,5,0,4,0
3869,0,5,0,4,0
3871,0,5,0,4,0
3873,0,5,0,4,0
3875,0,5,0,4,0
3877,0,5,0,4,0
3879,0,5,0,4,0
3881,0,5,0,4,0
3883,0,5,0,4,0
3885,0,5,0,4,0
3887,0,5,0,4,0
3889,0,5,0,4,0
3891,0,5,0,4,0
3893,0,5,0,4,0
3895,0,5,0,4,0
3897,0,5,0,4,0
3899,0,5,0,4,0
3901,0,5,0,4,0
3903,0,5,0,4,0
3905,0,5,0,4,0
3907,0,5,0,4,0
3909,0,5,0,4,0
3911,0,5,0,4,0
3913,0,5,0,4,0
3915,0,5,0,4,0
3917,0,5,0,4,0
3919,0,5,0,4,0
3921,0,5,0,4,0
3923,0,5,0,4,0
3925,0,5,0,4,0
3927,0,5,0,4,0
3929,0,5,0,4,0
3931,0,5,0,4,0
3933,0,5,0,4,0
3935,0,5,0,4,0
3937,0,5,0,4,0
3939,0,5,0,4,0
3941,0,5,0,4,0
3943,0,5,0,4,0
3945,0,5,0,4,0
3947,0,5,0,4,0
3949,0,5,0,4,0
3951,0,5,0,4,0
3953,0,5,0,4,0
3955,0,5,0,4,0
3957,0,5,0,4,0
3959,0,5,0,4,0
3961,0,5,0,4,0
3963,0,5,0,4,0
3965,0,5,0,4,0
3967,0,5,0,4,0
3969,0,5,0,4,0
3971,0,5,0,4,0
3973,0,5,0,4,0
3975,0,5,0,4,0
3977,0,5,0,4,0
3979,0,5,0,4,0
3981,0,5,0,4,0
3983,0,5,0,4,0
3985,0,5,0,4,0
3987,0,5,0,4,0
3989,0,5,0,4,0
3991,0,5,0,4,0
3993,0,5,0,3,0
3995,0,5,0,3,0
3997,0,5,0,3,0
3999,0,5,0,3,0
4001,0,5,0,3,0
4003,0,5,0,3,0
4005,0,5,0,3,0
4007,0,5,0,3,0
4009,0,5,0,3,0
4011,0,5,0,3,0
4013,0,4,0,3,0
4015,0,4,0,3,0
4017,0,4,0,3,0
4019,0,4,0,3,0
4021,1,4,0,3,0
4023,1,4,0,3,0
4025,1,4,0,3,0
4027,1,4,0,3,0
4029,1,4,0,3,0
4031,1,4,0,3,0
4033,1,4,0,3,0
4035,1,4,0,3,0
4037,1,4,0,3,0
4039,1,4,0,3,0
4041,1,4,0,3,0
4043,1,4,0,3,0
4045,1,4,0,3,0
4047,1,4,0,3,0
4049,1,4,0,3,0
4051,1,4,0,3,0
4053,1,4,0,3,0
4055,1,4,0,3,0
4057,1,4,0,3,0
4059,1,4,0,3,0
4061,1,4,0,3,0
4063,1,4,0,3,0
4065,1,4,0,3,0
4067,1,4,0,3,0
4069,1,4,0,3,0
4071,1,4,0,3,0
4073,1,4,0,3,0
4075,1,4,0,3,0
4077,1,4,0,3,0
4079,1,4,0,3,0
4081,1,4,0,3,0
4083,1,4,0,3,0
4085,1,5,0,3,0
4087,1,5,0,3,0
4089,1,5,0,3,0
4091,1,5,0,3,0
4093,1,5,0,3,0
4095,1,4,0,3,0
4097,1,4,0,3,0
4099,1,4,0,3,0
4101,1,4,0,3,0
4103,1,4,0,3,0
4105,1,4,0,3,0
4107,1,4,0,3,0
4109,1,4,0,3,0
4111,1,4,0,3,0
4113,1,4,0,3,0
4115,1,4,0,3,0
4117,1,5,0,3,0
4119,1,5,0,4,0
4121,1,5,0,4,0
4123,1,5,0,3,0
4125,1,5,0,3,0
4127,1,5,0,3,0
4129,2,5,0,3,0
4131,3,5,0,3,0
4133,3,5,0,3,0
4135,3,5,0,3,0
4137,3,5,0,3,0
4139,3,5,0,3,0
4141,3,5,0,3,0
4143,3,5,0,3,0
4145,3,5,0,3,0
4147,3,4,0,3,0
4149,3,4,0,3,0
4151,3,4,0,3,0
4153,3,4,0,3,0
4155,3,4,0,3,0
4157,3,4,0,3,0
4159,3,4,0,3,0
4161,3,4,0,3,0
4163,3,4,0,3,0
4165,3,4,0,3,0
4167,3,4,0,4,0
4169,3,4,0,4,0
4171,3,4,0,4,0
4173,3,5,0,4,0
4175,3,5,0,4,0
4177,3,5,0,4,0
4179,3,5,0,3,0
4181,4,5,0,3,0
4183,4,5,0,3,0
4185,4,5,0,4,0
4187,4,5,0,4,0
4189,4,5,0,4,0
4191,4,5,0,3,0
4193,4,5,0,3,0
4195,4,5,0,3,0
4197,4,5,0,3,0
4199,4,5,0,3,0
4201,4,4,0,3,0
4203,4,5,0,3,0
4205,4,4,0,4,0
4207,4,5,0,4,0
4209,4,5,0,4,0
4211,4,5,0,4,0
4213,4,5,0,4,0
4215,4,5,0,4,0
4217,4,5,0,3,0
4219,4,5,0,3,0
4221,3,5,0,3,0
4223,3,5,0,3,0
4225,3,5,0,3,0
4227,3,5,0,4,0
4229,3,5,0,4,0
4231,3,5,0,4,0
4233,3,5,0,4,0
4235,3,5,0,4,0
4237,3,5,0,4,0
4239,3,5,0,4,0
4241,3,5,0,4,0
4243,3,5,0,4,0
4245,3,5,0,4,0
4247,3,5,0,4,0
4249,3,5,0,4,0
4251,3,5,0,4,0
4253,3,5,0,4,0
4255,3,5,0,4,0
4257,3,5,0,4,0
4259,3,5,0,4,0
4261,3,5,0,4,0
4263,3,5,0,4,0
4265,3,5,0,4,0
4267,3,5,0,4,0
4269,3,5,0,4,0
4271,3,5,0,4,0
4273,3,5,0,4,0
4275,3,5,0,4,0
4277,3,5,0,4,0
4279,3,5,0,4,0
4281,3,5,0,4,0
4283,3,5,0,4,0
4285,3,5,0,4,0
4287,3,5,0,4,0
4289,3,5,0,4,0
4291,3,5,0,4,0
4293,3,5,0,4,0
4295,3,5,0,4,0
4297,3,5,0,4,0
4299,3,5,0,4,0
4301,3,5,0,4,0
4303,3,5,0,4,0
4305,3,5,0,4,0
4307,3,5,0,4,0
4309,3,5,0,4,0
4311,3,5,0,4,0
4313,3,5,0,4,0
4315,3,5,0,4,0
4317,3,5,0,4,0
4319,4,5,0,4,0
4321,4,5,0,4,0
4323,4,5,0,4,0
4325,4,5,0,4,0
4327,4,5,0,4,0
4329,3,5,0,4,0
4331,2,5,0,4,0
4333,2,5,0,4,0
4335,2,5,0,4,0
4337,2,5,0,4,0
4339,2,5,0,4,0
4341,2,5,0,4,0
4343,2,5,0,4,0
4345,2,5,0,4,0
4347,2,5,0,4,0
4349,2,5,0,4,0
4351,2,5,0,4,0
4353,2,5,0,4,0
4355,2,5,0,4,0
4357,2,5,0,4,0
4359,2,5,0,4,0
4361,2,5,0,4,0
4363,2,5,0,4,0
4365,2,5,0,4,0
4367,2,5,0,4,0
4369,2,5,0,4,0
4371,2,5,0,4,0
4373,2,5,0,4,0
4375,2,5,0,4,0
4377,2,5,0,4,0
4379,2,5,0,4,0
4381,1,5,0,4,0
4383,1,5,0,4,0
4385,1,5,0,4,0
4387,1,5,0,4,0
4389,1,5,0,4,0
4391,1,5,0,4,0
4393,1,5,0,4,0
4395,1,5,0,4,0
4397,1,5,0,4,0
4399,1,5,0,4,0
4401,1,5,0,4,0
4403,1,5,0,4,0
4405,1,5,0,4,0
4407,1,5,0,4,0
4409,1,5,0,4,0
4411,1,5,0,4,0
4413,1,5,0,4,0
4415,1,5,0,4,0
4417,1,5,0,4,0
4419,1,5,0,4,0
4421,1,5,0,4,0
4423,1,5,0,4,0
4425,1,5,0,4,0
4427,1,5,0,4,0
4429,1,5,0,4,0
4431,1,5,0,4,0
4433,1,5,0,4,0
4435,1,5,0,4,0
4437,1,5,0,4,0
4439,1,5,0,4,0
4441,1,5,0,4,0
4443,1,5,0,4,0
4445,1,5,0,4,0
4447,1,5,0,4,0
4449,1,5,0,4,0
4451,1,5,0,4,0
4453,1,5,0,4,0
4455,1,5,0,4,0
4457,1,5,0,4,0
4459,1,5,0,4,0
4461,1,5,0,4,0
4463,1,5,0,4,0
4465,1,5,0,4,0
4467,1,5,0,4,0
4469,1,5,0,4,0
4471,1,5,0,4,0
4473,1,5,0,4,0
4475,1,5,0,4,0
4477,1,5,0,4,0
4479,1,5,0,4,0
4481,1,5,0,4,0
4483,1,5,0,4,0
4485,1,5,0,4,0
4487,1,5,0,4,0
4489,1,5,0,4,0
4491,1,5,0,4,0
4493,1,5,0,4,0
4495,1,5,0,4,0
4497,1,5,0,4,0
4499,1,5,0,4,0
4501,1,5,0,4,0
4503,1,5,0,4,0
4505,1,5,0,3,0
4507,1,5,0,3,0
4509,1,5,0,4,0
4511,1,5,0,4,0
4513,1,5,0,4,0
4515,1,5,0,3,0
4517,1,5,0,3,0
4519,0,5,0,3,0
4521,0,5,0,3,0
4523,0,5,0,3,0
4525,0,5,0,3,0
4527,0,5,0,4,0
4529,0,5,0,4,0
4531,0,5,0,4,0
4533,0,5,0,4,0
4535,0,5,0,4,0
4537,0,5,0,4,0
4539,0,5,0,4,0
4541,0,5,0,4,0
4543,0,5,0,4,0
4545,0,5,0,4,0
4547,0,5,0,4,0
4549,0,5,0,4,0
4551,0,5,0,4,0
4553,0,5,0,4,0
4555,0,5,0,4,0
4557,0,5,0,4,0
4559,0,5,0,4,0
4561,0,5,0,4,0
4563,0,5,0,4,0
4565,0,5,0,4,0
4567,0,5,0,4,0
4569,0,5,0,4,0
4571,0,5,0,4,0
4573,0,5,0,4,0
4575,0,5,0,4,0
4577,0,5,0,4,0
4579,0,5,0,4,0
4581,0,5,0,4,0
4583,0,5,0,4,0
4585,0,5,0,4,0
4587,0,5,0,4,0
4589,0,5,0,4,0
4591,0,5,0,4,0
4593,0,5,0,4,0
4595,0,5,0,4,0
4597,0,5,0,4,0
4599,0,5,0,4,0
4601,0,5,0,4,0
4603,0,5,0,4,0
4605,0,5,0,4,0
4607,0,5,0,4,0
4609,0,5,0,4,0
4611,0,5,0,4,0
4613,0,5,0,4,0
4615,0,5,0,4,0
4617,0,5,0,4,0
4619,0,5,0,4,0
4621,0,5,0,4,0
4623,0,5,0,4,0
4625,0,5,0,4,0
4627,0,5,0,4,0
4629,0,5,0,4,0
4631,0,5,0,4,0
4633,0,5,0,4,0
4635,0,5,0,4,0
4637,0,5,0,4,0
4639,0,5,0,4,0
4641,0,5,0,4,0
4643,0,5,0,4,0
4645,0,5,0,4,0
4647,0,5,0,4,0
4649,0,5,0,4,0
4651,0,5,0,4,0
4653,0,5,0,4,0
4655,0,5,0,4,0
4657,0,5,0,4,0
4659,0,5,0,4,0
4661,0,5,0,4,0
4663,0,5,0,4,0
4665,0,6,0,4,0
4667,0,6,0,4,0
4669,0,6,0,4,0
4671,0,6,0,4,0
4673,0,5,0,4,0
4675,0,5,0,4,0
4677,0,5,0,4,0
4679,0,5,0,4,0
4681,1,5,0,4,0
4683,1,5,0,4,0
4685,1,6,0,4,0
4687,1,6,0,4,0
4689,1,6,0,4,0
4691,1,6,0,4,0
4693,1,6,0,4,0
4695,1,5,0,4,0
4697,1,5,0,4,0
4699,1,6,0,4,0
4701,1,6,0,4,0
4703,1,6,0,4,0
4705,1,6,0,4,0
4707,1,6,0,4,0
4709,1,6,0,4,0
4711,1,6,0,4,0
4713,1,6,0,4,0
4715,1,6,0,4,0
4717,1,6,0,4,0
4719,1,6,0,4,0
4721,1,6,0,4,0
4723,1,6,0,4,0
4725,1,6,0,4,0
4727,1,6,0,4,0
4729,1,6,0,4,0
4731,1,6,0,4,0
4733,1,6,0,4,0
4735,1,6,0,4,0
4737,1,6,0,4,0
4739,1,6,0,4,0
4741,1,6,0,4,0
4743,1,6,0,4,0
4745,1,6,0,4,0
4747,1,6,0,4,0
4749,1,6,0,4,0
4751,1,6,0,4,0
4753,1,6,0,4,0
4755,1,6,0,4,0
4757,1,6,0,4,0
4759,1,6,0,4,0
4761,1,6,0,4,0
4763,1,6,0,4,0
4765,1,6,0,4,0
4767,1,6,0,4,0
4769,1,6,0,4,0
4771,1,5,0,4,0
4773,1,5,0,4,0
4775,1,5,0,4,0
4777,1,5,0,4,0
4779,1,5,0,4,0
4781,1,5,0,4,0
4783,1,5,0,4,0
4785,1,5,0,4,0
4787,1,5,0,4,0
4789,1,5,0,4,0
4791,1,5,0,4,0
4793,1,5,0,4,0
4795,1,5,0,4,0
4797,1,5,0,4,0
4799,1,5,0,4,0
4801,1,5,0,4,0
4803,1,5,0,4,0
4805,1,5,0,4,0
4807,1,5,0,4,0
4809,1,5,0,4,0
4811,1,5,0,4,0
4813,1,5,0,4,0
4815,1,4,0,4,0
4817,1,4,0,3,0
4819,1,4,0,3,0
4821,1,4,0,3,0
4823,1,4,0,3,0
4825,1,4,0,3,0
4827,1,4,0,3,0
4829,1,4,0,3,0
4831,1,4,0,3,0
4833,1,4,0,3,0
4835,1,4,0,3,0
4837,1,4,0,3,0
4839,1,4,0,3,0
4841,1,4,0,3,0
4843,1,4,0,3,0
4845,1,4,0,3,0
4847,1,4,0,3,0
4849,1,4,0,3,0
4851,1,4,0,3,0
4853,1,4,0,3,0
4855,1,4,0,3,0
4857,1,4,0,3,0
4859,1,4,0,3,0
4861,1,4,0,3,0
4863,1,4,0,3,0
4865,1,4,0,3,0
4867,1,4,0,3,0
4869,1,4,0,3,0
4871,1,4,0,3,0
4873,1,4,0,3,0
4875,1,4,0,3,0
4877,1,4,0,3,0
4879,1,4,0,3,0
4881,0,4,0,3,0
4883,0,5,0,3,0
4885,0,5,0,3,0
4887,0,5,0,3,0
4889,0,5,0,3,0
4891,0,5,0,3,0
4893,0,5,0,3,0
4895,0,4,0,3,0
4897,0,4,0,3,0
4899,0,4,0,3,0
4901,0,4,0,3,0
4903,0,4,0,3,0
4905,0,4,0,3,0
4907,0,4,0,3,0
4909,0,4,0,3,0
4911,0,4,0,3,0
4913,0,4,0,3,0
4915,0,4,0,3,0
4917,0,4,0,3,0
4919,0,4,0,3,0
4921,0,4,0,3,0
4923,0,4,0,3,0
4925,0,4,0,3,0
4927,0,4,0,3,0
4929,0,4,0,3,0
4931,0,4,0,3,0
4933,0,4,0,3,0
4935,0,5,0,3,0
4937,0,5,0,3,0
4939,0,4,0,3,0
4941,0,4,0,3,0
4943,0,4,0,3,0
4945,0,4,0,3,0
4947,0,4,0,3,0
4949,0,4,0,3,0
4951,0,4,0,3,0
4953,0,4,0,3,0
4955,0,4,0,3,0
4957,0,4,0,3,0
4959,0,4,0,3,0
4961,0,4,0,3,0
4963,0,4,0,3,0
4965,0,4,0,3,0
4967,0,4,0,3,0
4969,0,4,0,3,0
4971,0,4,0,3,0
4973,0,4,0,3,0
4975,0,4,0,3,0
4977,0,4,0,3,0
4979,0,4,0,3,0
4981,0,4,0,3,0
4983,0,4,0,3,0
4985,0,4,0,3,0
4987,0,4,0,3,0
4989,0,4,0,3,0
4991,0,4,0,3,0
4993,0,4,0,3,0
4995,0,4,0,3,0
4997,0,4,0,3,0
4999,0,4,0,3,0
5001,0,4,0,3,0
5003,0,4,0,3,0
5005,0,4,0,3,0
5007,0,4,0,3,0
5009,0,4,0,3,0
5011,0,4,0,3,0
5013,0,4,0,3,0
5015,0,4,0,3,0
5017,0,4,0,3,0
5019,0,4,0,3,0
5021,0,4,0,3,0
5023,0,4,0,3,0
5025,0,4,0,3,0
5027,0,4,0,3,0
5029,0,4,0,3,0
5031,0,4,0,3,0
5033,0,4,0,3,0
5035,0,4,0,3,0
5037,0,4,0,3,0
5039,0,4,0,3,0
5041,0,4,0,3,0
5043,0,4,0,3,0
5045,0,4,0,3,0
5047,0,4,0,3,0
5049,0,4,0,3,0
5051,0,4,0,3,0
5053,0,4,0,3,0
5055,0,4,0,3,0
5057,0,4,0,3,0
5059,0,4,0,3,0
5061,0,4,0,3,0
5063,0,4,0,3,0
5065,0,4,0,3,0
5067,0,4,0,3,0
5069,0,4,0,3,0
5071,0,4,0,3,0
5073,0,4,0,3,0
5075,0,4,0,3,0
5077,0,4,0,3,0
5079,0,4,0,3,0
5081,0,4,0,3,0
5083,0,4,0,3,0
5085,0,4,0,3,0
5087,0,4,0,3,0
5089,0,4,0,3,0
5091,0,4,0,3,0
5093,0,4,0,3,0
5095,0,4,0,3,0
5097,0,4,0,3,0
5099,0,4,0,3,0
5101,0,4,0,3,0
5103,0,4,0,3,0
5105,0,4,0,3,0
5107,0,4,0,3,0
5109,0,4,0,3,0
5111,0,4,0,3,0
5113,0,4,0,3,0
5115,0,4,0,3,0
5117,0,4,0,3,0
5119,0,4,0,3,0
5121,0,4,0,3,0
5123,0,4,0,3,0
5125,0,4,0,3,0
5127,0,4,0,3,0
5129,0,4,0,3,0
5131,0,4,0,3,0
5133,0,4,0,3,0
5135,0,4,0,3,0
5137,0,4,0,3,0
5139,0,4,0,3,0
5141,0,4,0,3,0
5143,0,4,0,3,0
5145,0,4,0,3,0
5147,0,3,0,3,0
5149,0,3,0,3,0
5151,0,4,0,3,0
5153,0,4,0,3,0
5155,0,4,0,3,0
5157,0,4,0,3,0
5159,0,4,0,3,0
5161,0,4,0,3,0
5163,0,4,0,2,0
5165,0,4,0,3,0
5167,0,4,0,3,0
5169,0,4,0,3,0
5171,0,4,0,3,0
5173,0,4,0,3,0
5175,0,4,0,3,0
5177,0,3,0,3,0
5179,0,3,0,3,0
5181,0,3,0,3,0
5183,0,3,0,3,0
5185,0,3,0,3,0
5187,0,4,0,3,0
5189,0,4,0,3,0
5191,0,4,0,3,0
5193,0,3,0,3,0
5195,0,4,0,3,0
5197,0,4,0,3,0
5199,0,4,0,3,0
5201,0,4,0,3,0
5203,0,4,0,3,0
5205,0,4,0,3,0
5207,0,4,0,3,0
5209,0,4,0,3,0
5211,0,4,0,3,0
5213,1,4,0,3,0
5215,1,4,0,3,0
5217,1,4,0,3,0
5219,1,4,0,3,0
5221,1,4,0,3,0
5223,1,4,0,3,0
5225,1,4,0,3,0
5227,1,4,0,3,0
5229,1,4,0,3,0
5231,1,4,0,3,0
5233,1,4,0,3,0
5235,1,4,0,3,0
5237,1,4,0,3,0
5239,1,4,0,3,0
5241,1,4,0,3,0
5243,1,4,0,3,0
5245,1,4,0,3,0
5247,1,4,0,3,0
5249,1,4,0,3,0
5251,1,4,0,3,0
5253,1,4,0,3,0
5255,1,4,0,3,0
5257,1,4,0,3,0
5259,1,4,0,3,0
5261,1,4,0,3,0
5263,1,4,0,3,0
5265,1,4,0,3,0
5267,1,4,0,3,0
5269,1,4,0,3,0
5271,1,4,0,3,0
5273,1,4,0,3,0
5275,1,4,0,3,0
5277,1,4,0,3,0
5279,1,4,0,3,0
5281,1,4,0,3,0
5283,1,4,0,3,0
5285,1,4,0,3,0
5287,1,4,0,3,0
5289,1,4,0,3,0
5291,1,4,0,3,0
5293,1,4,0,3,0
5295,1,4,0,3,0
5297,1,4,0,3,0
5299,1,4,0,3,0
5301,1,4,0,3,0
5303,1,4,0,3,0
5305,1,4,0,3,0
5307,1,4,0,3,0
5309,1,4,0,3,0
5311,1,4,0,3,0
5313,1,4,0,3,0
5315,1,4,0,3,0
5317,1,4,0,3,0
5319,1,4,0,3,0
5321,1,4,0,3,0
5323,1,4,0,3,0
5325,1,4,0,3,0
5327,1,4,0,3,0
5329,1,4,0,3,0
5331,1,4,0,3,0
5333,1,4,0,3,0
5335,1,4,0,3,0
5337,2,4,0,3,0
5339,2,4,0,3,0
5341,2,4,0,3,0
5343,2,4,0,3,0
5345,2,4,0,3,0
5347,2,4,0,3,0
5349,2,4,0,3,0
5351,2,4,0,3,0
5353,2,4,0,3,0
5355,2,4,0,3,0
5357,2,4,0,3,0
5359,2,4,0,3,0
5361,2,4,0,3,0
5363,2,4,0,3,0
5365,2,4,0,3,0
5367,2,4,0,3,0
5369,2,4,0,3,0
5371,2,4,0,3,0
5373,2,4,0,3,0
5375,2,5,0,3,0
5377,2,5,0,3,0
5379,2,5,0,3,0
5381,2,5,0,3,0
5383,2,5,0,3,0
5385,2,5,0,3,0
5387,2,4,0,3,0
5389,2,4,0,3,0
5391,2,4,0,3,0
5393,2,4,0,3,0
5395,2,4,0,3,0
5397,2,4,0,3,0
5399,2,4,0,3,0
5401,2,4,0,3,0
5403,2,4,0,3,0
5405,2,4,0,3,0
5407,2,4,0,3,0
5409,2,4,0,3,0
5411,2,4,0,3,0
5413,1,4,0,3,0
5415,1,4,0,3,0
5417,1,4,0,3,0
5419,1,4,0,3,0
5421,1,4,0,3,0
5423,1,4,0,3,0
5425,1,4,0,3,0
5427,1,4,0,3,0
5429,1,4,0,3,0
5431,1,4,0,3,0
5433,1,4,0,3,0
5435,1,4,0,3,0
5437,1,4,0,3,0
5439,1,4,0,3,0
5441,1,4,0,3,0
5443,1,4,0,3,0
5445,1,4,0,3,0
5447,1,4,0,3,0
5449,1,5,0,3,0
5451,1,5,0,3,0
5453,1,4,0,3,0
5455,1,4,0,3,0
5457,1,4,0,3,0
5459,1,4,0,3,0
5461,1,4,0,3,0
5463,1,4,0,3,0
5465,1,4,0,3,0
5467,1,4,0,3,0
5469,1,4,0,3,0
5471,1,4,0,3,0
5473,1,4,0,3,0
5475,1,5,0,3,0
5477,1,5,0,3,0
5479,1,5,0,3,0
5481,1,5,0,3,0
5483,1,5,0,3,0
5485,1,5,0,3,0
5487,1,5,0,3,0
5489,1,4,0,3,0
5491,1,4,0,3,0
5493,1,5,0,3,0
5495,1,5,0,3,0
5497,2,5,0,3,0
5499,2,5,0,3,0
5501,2,5,0,3,0
5503,2,5,0,3,0
5505,2,5,0,4,0
5507,2,5,0,4,0
5509,2,5,0,4,0
5511,2,5,0,4,0
5513,2,5,0,4,0
5515,2,4,0,3,0
5517,2,4,0,3,0
5519,2,4,0,3,0
5521,2,4,0,3,0
5523,2,4,0,3,0
5525,2,5,0,3,0
5527,2,5,0,3,0
5529,2,5,0,3,0
5531,2,5,0,3,0
5533,2,5,0,3,0
5535,2,5,0,3,0
5537,1,5,0,3,0
5539,1,5,0,3,0
5541,1,4,0,3,0
5543,1,4,0,3,0
5545,1,4,0,3,0
5547,1,5,0,3,0
5549,1,5,0,3,0
5551,1,5,0,3,0
5553,1,5,0,3,0
5555,1,5,0,3,0
5557,1,5,0,3,0
5559,1,4,0,3,0
5561,1,4,0,3,0
5563,1,4,0,3,0
5565,1,4,0,3,0
5567,1,4,0,3,0
5569,1,4,0,3,0
5571,1,4,0,3,0
5573,1,4,0,3,0
5575,1,4,0,3,0
5577,1,4,0,3,0
5579,1,4,0,3,0
5581,1,4,0,3,0
5583,1,4,0,3,0
5585,1,4,0,3,0
5587,1,4,0,3,0
5589,1,4,0,3,0
5591,1,4,0,3,0
5593,1,4,0,3,0
5595,1,4,0,3,0
5597,1,4,0,3,0
5599,1,4,0,3,0
5601,1,4,0,3,0
5603,1,4,0,3,0
5605,1,4,0,3,0
5607,1,4,0,3,0
5609,1,4,0,3,0
5611,1,4,0,3,0
5613,1,4,0,3,0
5615,1,4,0,3,0
5617,1,4,0,3,0
5619,1,4,0,3,0
5621,1,4,0,3,0
5623,1,4,0,3,0
5625,1,4,0,3,0
5627,1,4,0,3,0
5629,1,4,0,3,0
5631,1,4,0,3,0
5633,1,4,0,3,0
5635,1,4,0,3,0
5637,1,4,0,3,0
5639,1,4,0,3,0
5641,1,4,0,3,0
5643,1,4,0,3,0
5645,1,4,0,3,0
5647,1,4,0,3,0
5649,1,4,0,3,0
5651,1,4,0,3,0
5653,1,4,0,3,0
5655,1,4,0,3,0
5657,1,5,0,3,0
5659,1,5,0,3,0
5661,1,5,0,3,0
5663,1,4,0,3,0
5665,1,4,0,3,0
5667,1,4,0,3,0
5669,1,4,0,3,0
5671,1,4,0,3,0
5673,1,4,0,3,0
5675,1,4,0,3,0
5677,1,4,0,3,0
5679,1,4,0,3,0
5681,1,4,0,3,0
5683,1,4,0,3,0
5685,1,4,0,3,0
5687,1,4,0,3,0
5689,1,4,0,3,0
5691,1,4,0,3,0
5693,1,4,0,3,0
5695,1,4,0,3,0
5697,0,4,0,3,0
5699,0,4,0,3,0
5701,0,4,0,3,0
5703,0,4,0,3,0
5705,0,4,0,3,0
5707,0,4,0,3,0
5709,0,4,0,3,0
5711,0,4,0,3,0
5713,0,4,0,3,0
5715,0,4,0,3,0
5717,0,4,0,3,0
5719,0,4,0,3,0
5721,0,4,0,3,0
5723,0,4,0,3,0
5725,0,4,0,3,0
5727,0,4,0,3,0
5729,0,4,0,3,0
5731,0,4,0,3,0
5733,0,4,0,3,0
5735,0,4,0,3,0
5737,0,4,0,3,0
5739,0,4,0,3,0
5741,0,4,0,3,0
5743,0,4,0,3,0
5745,0,4,0,3,0
5747,0,4,0,3,0
5749,0,4,0,3,0
5751,0,4,0,3,0
5753,0,4,0,3,0
5755,0,4,0,3,0
5757,0,4,0,3,0
5759,0,4,0,3,0
5761,0,4,0,3,0
5763,0,4,0,4,0
5765,0,4,0,3,0
5767,0,4,0,3,0
5769,0,4,0,3,0
5771,0,4,0,3,0
5773,0,4,0,3,0
5775,0,4,0,3,0
5777,0,4,0,3,0
5779,0,4,0,3,0
5781,0,4,0,3,0
5783,0,4,0,3,0
5785,0,4,0,3,0
5787,0,4,0,3,0
5789,0,4,0,3,0
5791,0,4,0,3,0
5793,0,4,0,3,0
5795,0,4,0,3,0
5797,0,4,0,3,0
5799,0,4,0,4,0
5801,0,4,0,4,0
5803,0,5,0,4,0
5805,0,4,0,3,0
5807,0,5,0,3,0
5809,0,5,0,3,0
5811,0,5,0,3,0
5813,0,5,0,3,0
5815,0,5,0,3,0
5817,0,5,0,3,0
5819,0,5,0,3,0
5821,0,5,0,3,0
5823,0,5,0,3,0
5825,0,4,0,3,0
5827,0,4,0,3,0
5829,0,4,0,3,0
5831,0,5,0,3,0
5833,0,5,0,3,0
5835,0,5,0,3,0
5837,0,5,0,3,0
5839,0,5,0,3,0
5841,0,5,0,3,0
5843,0,5,0,3,0
5845,0,5,0,3,0
5847,0,5,0,3,0
5849,0,5,0,3,0
5851,0,5,0,3,0
5853,0,4,0,3,0
5855,0,5,0,3,0
5857,0,5,0,4,0
5859,0,5,0,3,0
5861,0,5,0,3,0
5863,0,5,0,3,0
5865,0,5,0,3,0
5867,0,5,0,3,0
5869,0,5,0,3,0
5871,0,5,0,3,0
5873,0,5,0,3,0
5875,0,5,0,3,0
5877,0,5,0,4,0
5879,0,5,0,4,0
5881,0,5,0,4,0
5883,0,5,0,4,0
5885,0,5,0,4,0
5887,0,5,0,4,0
5889,0,5,0,4,0
5891,0,5,0,4,0
5893,0,5,0,4,0
5895,0,5,0,4,0
5897,0,5,0,4,0
5899,0,5,0,4,0
5901,0,5,0,4,0
5903,0,5,0,4,0
5905,0,5,0,3,0
5907,0,5,0,3,0
5909,0,5,0,4,0
5911,0,5,0,4,0
5913,0,5,0,3,0
5915,0,5,0,3,0
5917,0,5,0,3,0
5919,0,5,0,3,0
5921,0,5,0,3,0
5923,0,5,0,3,0
5925,0,5,0,3,0
5927,0,5,0,3,0
5929,0,5,0,4,0
5931,0,5,0,4,0
5933,0,4,0,4,0
5935,0,4,0,4,0
5937,0,4,0,4,0
5939,0,4,0,4,0
5941,0,4,0,3,0
5943,0,4,0,3,0
5945,0,4,0,3,0
5947,0,4,0,3,0
5949,0,5,0,3,0
5951,0,4,0,3,0
5953,0,4,0,3,0
5955,0,4,0,3,0
5957,0,4,0,3,0
5959,0,4,0,3,0
5961,0,4,0,3,0
5963,0,5,0,3,0
5965,0,5,0,3,0
5967,0,5,0,3,0
5969,0,5,0,3,0
5971,0,5,0,3,0
5973,0,5,0,4,0
5975,0,5,0,4,0
5977,0,5,0,3,0
5979,0,5,0,3,0
5981,0,5,0,3,0
5983,0,5,0,3,0
5985,0,5,0,3,0
5987,0,5,0,3,0
5989,0,5,0,3,0
5991,0,5,0,3,0
5993,0,5,0,3,0
5995,0,5,0,3,0
5997,0,5,0,3,0
5999,0,5,0,3,0
6001,0,5,0,3,0
6003,0,4,0,3,0
6005,0,4,0,3,0
6007,0,4,0,3,0
6009,0,4,0,3,0
6011,0,4,0,3,0
6013,0,4,0,3,0
6015,0,4,0,3,0
6017,0,4,0,3,0
6019,0,4,0,3,0
6021,0,4,0,3,0
6023,0,5,0,3,0
6025,0,5,0,3,0
6027,0,5,0,3,0
6029,0,4,0,3,0
6031,0,4,0,3,0
6033,0,4,0,3,0
6035,0,4,0,3,0
6037,0,4,0,3,0
6039,0,4,0,3,0
6041,0,4,0,3,0
6043,0,4,0,3,0
6045,0,4,0,3,0
6047,0,4,0,3,0
6049,1,4,0,3,0
6051,1,4,0,3,0
6053,1,4,0,3,0
6055,1,4,0,3,0
6057,1,4,0,3,0
6059,1,4,0,3,0
6061,1,4,0,3,0
6063,1,4,0,3,0
6065,1,4,0,3,0
6067,1,4,0,3,0
6069,1,4,0,3,0
6071,1,4,0,3,0
6073,1,4,0,3,0
6075,1,4,0,3,0
6077,1,4,0,3,0
6079,1,4,0,3,0
6081,1,4,0,3,0
6083,1,4,0,3,0
6085,1,4,0,3,0
6087,1,4,0,3,0
6089,1,4,0,3,0
6091,1,4,0,3,0
6093,1,4,0,3,0
6095,1,4,0,3,0
6097,1,4,0,3,0
6099,1,4,0,3,0
6101,1,4,0,3,0
6103,1,4,0,3,0
6105,1,4,0,3,0
6107,1,4,0,3,0
6109,1,4,0,3,0
6111,1,4,0,3,0
6113,1,4,0,3,0
6115,1,4,0,3,0
6117,1,4,0,3,0
6119,1,4,0,3,0
6121,1,4,0,3,0
6123,1,4,0,3,0
6125,1,4,0,3,0
6127,1,4,0,3,0
6129,1,4,0,3,0
6131,1,4,0,3,0
6133,2,4,0,3,0
6135,2,4,0,3,0
6137,2,4,0,3,0
6139,2,4,0,3,0
6141,2,4,0,3,0
6143,2,4,0,3,0
6145,2,4,0,3,0
6147,2,4,0,3,0
6149,2,4,0,3,0
6151,2,4,0,3,0
6153,2,4,0,3,0
6155,2,4,0,3,0
6157,2,4,0,3,0
6159,2,4,0,3,0
6161,2,4,0,3,0
6163,2,4,0,3,0
6165,2,4,0,3,0
6167,3,4,0,3,0
6169,3,4,0,3,0
6171,3,4,0,3,0
6173,3,4,0,3,0
6175,3,4,0,3,0
6177,3,4,0,3,0
6179,3,4,0,3,0
6181,3,4,0,3,0
6183,3,4,0,3,0
6185,3,4,0,3,0
6187,3,4,0,3,0
6189,3,4,0,3,0
6191,3,4,0,3,0
6193,3,4,0,3,0
6195,3,4,0,3,0
6197,3,4,0,3,0
6199,3,4,0,3,0
6201,3,4,0,3,0
6203,3,4,0,3,0
6205,3,4,0,3,0
6207,4,4,0,3,0
6209,4,4,0,3,0
6211,4,4,0,3,0
6213,4,4,0,3,0
6215,4,4,0,3,0
6217,4,4,0,3,0
6219,4,4,0,3,0
6221,4,4,0,3,0
6223,4,4,0,3,0
6225,4,4,0,3,0
6227,4,4,0,3,0
6229,4,4,0,3,0
6231,4,4,0,3,0
6233,4,4,0,3,0
6235,4,4,0,3,0
6237,4,4,0,3,0
6239,4,4,0,3,0
6241,4,4,0,3,0
6243,4,4,0,3,0
6245,4,4,0,3,0
6247,4,4,0,3,0
6249,3,4,0,3,0
6251,3,4,0,3,0
6253,3,4,0,3,0
6255,3,4,0,3,0
6257,3,4,0,3,0
6259,3,4,0,3,0
6261,3,4,0,3,0
6263,3,4,0,3,0
6265,3,4,0,3,0
6267,3,4,0,3,0
6269,3,4,0,3,0
6271,3,4,0,3,0
6273,3,4,0,3,0
6275,3,4,0,3,0
6277,3,4,0,3,0
6279,3,4,0,3,0
6281,3,4,0,3,0
6283,3,4,0,3,0
6285,3,4,0,3,0
6287,3,4,0,3,0
6289,3,4,0,3,0
6291,3,4,0,3,0
6293,3,4,0,3,0
6295,3,4,0,3,0
6297,3,4,0,3,0
6299,3,4,0,3,0
6301,3,4,0,3,0
6303,3,4,0,3,0
6305,3,4,0,3,0
6307,3,4,0,3,0
6309,3,4,0,3,0
6311,3,4,0,3,0
6313,3,4,0,3,0
6315,3,4,0,3,0
6317,3,4,0,3,0
6319,3,4,0,3,0
6321,3,4,0,3,0
6323,3,4,0,3,0
6325,3,4,0,3,0
6327,3,4,0,3,0
6329,3,4,0,3,0
6331,3,4,0,3,0
6333,2,4,0,3,0
6335,2,4,0,3,0
6337,2,4,0,3,0
6339,2,4,0,3,0
6341,2,4,0,3,0
6343,2,4,0,3,0
6345,2,4,0,3,0
6347,2,4,0,3,0
6349,2,4,0,3,0
6351,2,4,0,3,0
6353,2,4,0,3,0
6355,2,4,0,3,0
6357,2,4,0,3,0
6359,2,4,0,3,0
6361,2,4,0,3,0
6363,2,4,0,3,0
6365,2,4,0,3,0
6367,1,4,0,3,0
6369,1,4,0,3,0
6371,1,4,0,3,0
6373,1,4,0,3,0
6375,1,4,0,3,0
6377,1,4,0,3,0
6379,1,4,0,3,0
6381,1,4,0,3,0
6383,1,4,0,3,0
6385,1,4,0,3,0
6387,1,4,0,3,0
6389,1,4,0,3,0
6391,1,4,0,3,0
6393,1,4,0,3,0
6395,1,4,0,3,0
6397,1,4,0,3,0
6399,1,4,0,3,0
6401,1,4,0,3,0
6403,1,4,0,3,0
6405,1,4,0,3,0
6407,0,4,0,3,0
6409,0,4,0,3,0
6411,0,4,0,3,0
6413,0,4,0,3,0
6415,0,4,0,3,0
6417,0,4,0,3,0
6419,0,4,0,3,0
6421,0,4,0,3,0
6423,0,4,0,3,0
6425,0,4,0,3,0
6427,0,4,0,3,0
6429,0,4,0,3,0
6431,0,4,0,3,0
6433,0,4,0,3,0
6435,0,4,0,3,0
6437,0,4,0,3,0
6439,0,4,0,3,0
6441,0,4,0,3,0
6443,0,4,0,3,0
6445,0,4,0,3,0
6447,0,4,0,3,0
6449,0,4,0,3,0
6451,0,4,0,3,0
6453,0,4,0,3,0
6455,0,4,0,3,0
6457,0,4,0,3,0
6459,0,4,0,3,0
6461,0,4,0,3,0
6463,0,4,0,3,0
6465,0,4,0,3,0
6467,0,4,0,3,0
6469,0,4,0,3,0
6471,0,4,0,3,0
6473,0,4,0,3,0
6475,0,4,0,3,0
6477,0,4,0,3,0
6479,0,4,0,3,0
6481,0,4,0,3,0
6483,0,4,0,3,0
6485,0,4,0,3,0
6487,0,4,0,3,0
6489,0,4,0,3,0
6491,0,4,0,3,0
6493,0,4,0,3,0
6495,0,4,0,3,0
6497,0,4,0,3,0
6499,0,4,0,3,0
6501,0,3,0,3,0
6503,1,4,0,3,0
6505,1,4,0,3,0
6507,1,4,0,3,0
6509,1,4,0,3,0
6511,1,4,0,3,0
6513,1,3,0,3,0
6515,1,3,0,3,0
6517,1,3,0,3,0
6519,1,3,0,3,0
6521,1,3,0,3,0
6523,1,3,0,3,0
6525,1,3,0,2,0
6527,1,4,0,3,0
6529,1,4,0,3,0
6531,1,4,0,3,0
6533,1,4,0,3,0
6535,1,4,0,3,0
6537,1,3,0,3,0
6539,1,3,0,3,0
6541,1,3,0,3,0
6543,1,3,0,3,0
6545,1,3,0,3,0
6547,1,3,0,3,0
6549,1,3,0,2,0
6551,1,3,0,2,0
6553,1,3,0,2,0
6555,1,3,0,2,0
6557,1,3,0,2,0
6559,1,3,0,2,0
6561,1,3,0,2,0
6563,1,3,0,2,0
6565,1,3,0,2,0
6567,1,4,0,2,0
6569,1,4,0,2,0
6571,1,4,0,2,0
6573,1,4,0,2,0
6575,1,4,0,2,0
6577,1,4,0,2,0
6579,1,4,0,2,0
6581,1,4,0,2,0
6583,1,4,0,2,0
6585,1,4,0,2,0
6587,1,3,0,2,0
6589,1,3,0,2,0
6591,1,3,0,2,0
6593,1,3,0,2,0
6595,1,3,0,2,0
6597,1,3,0,2,0
6599,1,3,0,2,0
6601,1,3,0,2,0
6603,1,3,0,2,0
6605,1,3,0,2,0
6607,1,3,0,2,0
6609,1,3,0,2,0
6611,1,3,0,2,0
6613,1,3,0,2,0
6615,1,3,0,2,0
6617,1,3,0,2,0
6619,1,3,0,2,0
6621,1,3,0,2,0
6623,1,3,0,2,0
6625,1,3,0,2,0
6627,1,3,0,2,0
6629,1,3,0,2,0
6631,1,3,0,2,0
6633,1,3,0,2,0
6635,1,3,0,2,0
6637,1,3,0,2,0
6639,1,3,0,2,0
6641,1,3,0,2,0
6643,1,3,0,2,0
6645,1,3,0,2,0
6647,1,3,0,2,0
6649,1,3,0,2,0
6651,1,3,0,2,0
6653,1,3,0,2,0
6655,1,3,0,2,0
6657,1,3,0,2,0
6659,1,3,0,2,0
6661,1,3,0,2,0
6663,1,3,0,2,0
6665,1,3,0,2,0
6667,1,3,0,2,0
6669,1,3,0,2,0
6671,1,3,0,2,0
6673,1,3,0,2,0
6675,1,3,0,2,0
6677,1,3,0,2,0
6679,1,3,0,2,0
6681,1,3,0,2,0
6683,1,3,0,2,0
6685,1,3,0,2,0
6687,1,3,0,2,0
6689,1,3,0,2,0
6691,1,3,0,2,0
6693,1,3,0,2,0
6695,1,3,0,2,0
6697,1,3,0,2,0
6699,1,3,0,2,0
6701,1,3,0,2,0
6703,0,3,0,2,0
6705,0,3,0,2,0
6707,0,3,0,2,0
6709,0,3,0,2,0
6711,0,3,0,2,0
6713,0,3,0,2,0
6715,0,3,0,2,0
6717,0,2,0,2,0
6719,0,2,0,2,0
6721,0,2,0,2,0
6723,0,2,0,2,0
6725,0,2,0,2,0
6727,0,2,0,2,0
6729,0,2,0,2,0
6731,0,2,0,2,0
6733,0,2,0,2,0
6735,0,2,0,2,0
6737,0,2,0,2,0
6739,0,2,0,2,0
6741,0,2,0,2,0
6743,0,2,0,2,0
6745,0,2,0,2,0
6747,0,2,0,2,0
6749,0,2,0,2,0
6751,0,2,0,2,0
6753,0,2,0,2,0
6755,0,2,0,2,0
6757,0,2,0,2,0
6759,0,2,0,1,0
6761,0,2,0,1,0
6763,0,2,0,1,0
6765,0,2,0,1,0
6767,0,2,0,1,0
6769,0,2,0,1,0
6771,0,2,0,1,0
6773,0,2,0,1,0
6775,0,2,0,1,0
6777,0,2,0,1,0
6779,0,2,0,1,0
6781,0,2,0,1,0
6783,0,2,0,1,0
6785,0,2,0,1,0
6787,0,2,0,1,0
6789,0,2,0,1,0
6791,0,2,0,1,0
6793,0,2,0,1,0
6795,0,2,0,1,0
6797,0,2,0,1,0
6799,0,2,0,1,0
6801,0,2,0,1,0
6803,0,2,0,1,0
6805,0,2,0,1,0
6807,0,2,0,1,0
6809,0,2,0,1,0
6811,0,2,0,1,0
6813,0,1,0,1,0
6815,0,1,0,1,0
6817,0,1,0,1,0
6819,0,1,0,1,0
6821,0,1,0,1,0
6823,0,1,0,1,0
6825,0,1,0,1,0
6827,0,1,0,1,0
6829,0,1,0,1,0
6831,0,1,0,1,0
6833,0,1,0,1,0
6835,0,1,0,1,0
6837,0,1,0,1,0
6839,0,1,0,1,0
6841,0,1,0,1,0
6843,0,1,0,1,0
6845,0,1,0,1,0
6847,0,1,0,1,0
6849,0,1,0,1,0
6851,0,1,0,1,0
6853,0,1,0,1,0
6855,0,1,0,1,0
6857,0,1,0,1,0
6859,0,1,0,1,0
6861,0,1,0,1,0
6863,0,1,0,1,0
6865,0,1,0,1,0
6867,0,1,0,1,0
6869,0,1,0,1,0
6871,0,1,0,1,0
6873,0,1,0,1,0
6875,0,1,0,1,0
6877,0,1,0,1,0
6879,0,1,0,1,0
6881,0,1,0,0,0
6883,0,1,0,0,0
6885,0,1,0,0,0
6887,0,1,0,0,0
6889,0,1,0,0,0
6891,0,1,0,0,0
6893,0,1,0,0,0
6895,0,1,0,0,0
6897,0,1,0,0,0
6899,0,1,0,0,0
6901,0,1,0,0,0
6903,0,1,0,0,0
6905,0,1,0,0,0
6907,0,1,0,0,0
6909,0,1,0,0,0
6911,0,1,0,0,0
6913,0,1,0,0,0
6915,0,1,0,0,0
6917,0,1,0,0,0
6919,0,1,0,0,0
6921,0,1,0,0,0
6923,0,1,0,0,0
6925,0,1,0,0,0
6927,0,1,0,0,0
6929,0,1,0,0,0
6931,0,1,0,0,0
6933,0,1,0,0,0
6935,0,1,0,0,0
6937,0,1,0,0,0
6939,0,1,0,0,0
6941,0,1,0,0,0
6943,0,1,0,0,0
6945,0,1,0,0,0
6947,0,1,0,0,0
6949,0,1,0,0,0
6951,0,1,0,0,0
6953,0,1,0,0,0
6955,0,1,0,0,0
6957,0,1,0,0,0
6959,0,1,0,0,0
6961,0,1,0,0,0
6963,0,1,0,0,0
6965,0,1,0,0,0
6967,0,1,0,0,0
6969,0,0,0,0,0
6971,0,0,0,0,0
6973,0,0,0,0,0
6975,0,0,0,0,0
6977,0,0,0,0,0
6979,0,0,0,0,0
6981,0,0,0,0,0
6983,0,1,0,0,0
6985,0,1,0,0,0
6987,0,1,0,0,0
6989,0,1,0,0,0
6991,0,1,0,0,0
6993,0,1,0,0,0
6995,0,1,0,0,0
6997,0,1,0,0,0
6999,0,1,0,0,0
7001,0,1,0,0,0
