Position in JF749860/Unknown/Unknown/2002/SAT1, Recombination breakpoint number (100nt win), Upper 99% CI, Lower 99% CI, Upper 95% CI, Lower 95% CI
1,0,0,0,0,0
3,0,0,0,0,0
5,0,0,0,0,0
7,0,0,0,0,0
9,0,0,0,0,0
11,0,0,0,0,0
13,0,0,0,0,0
15,0,0,0,0,0
17,0,0,0,0,0
19,0,1,0,0,0
21,0,1,0,0,0
23,0,1,0,0,0
25,0,1,0,0,0
27,0,1,0,0,0
29,0,1,0,0,0
31,0,1,0,0,0
33,0,1,0,0,0
35,0,1,0,0,0
37,0,1,0,0,0
39,0,1,0,0,0
41,0,1,0,0,0
43,0,1,0,0,0
45,0,1,0,0,0
47,0,1,0,0,0
49,0,1,0,0,0
51,0,1,0,0,0
53,0,1,0,1,0
55,1,1,0,1,0
57,1,1,0,1,0
59,1,1,0,1,0
61,1,1,0,1,0
63,1,1,0,1,0
65,1,1,0,1,0
67,1,1,0,1,0
69,1,1,0,1,0
71,1,1,0,1,0
73,1,1,0,1,0
75,1,1,0,1,0
77,1,1,0,1,0
79,1,1,0,1,0
81,1,1,0,1,0
83,1,1,0,1,0
85,1,1,0,1,0
87,1,1,0,1,0
89,1,1,0,1,0
91,1,1,0,1,0
93,1,1,0,1,0
95,1,1,0,1,0
97,1,1,0,1,0
99,1,1,0,1,0
101,1,1,0,1,0
103,1,1,0,1,0
105,1,1,0,1,0
107,1,1,0,1,0
109,1,1,0,1,0
111,1,1,0,1,0
113,1,1,0,1,0
115,1,2,0,1,0
117,1,2,0,1,0
119,1,2,0,1,0
121,1,1,0,1,0
123,1,1,0,1,0
125,1,2,0,1,0
127,1,2,0,1,0
129,1,2,0,1,0
131,1,2,0,1,0
133,1,2,0,1,0
135,1,2,0,1,0
137,1,2,0,1,0
139,1,2,0,1,0
141,1,2,0,1,0
143,1,2,0,1,0
145,1,2,0,1,0
147,1,2,0,1,0
149,1,2,0,1,0
151,1,2,0,1,0
153,1,2,0,1,0
155,0,2,0,1,0
157,0,2,0,1,0
159,0,2,0,1,0
161,0,2,0,1,0
163,0,2,0,1,0
165,0,2,0,1,0
167,0,2,0,1,0
169,0,2,0,1,0
171,0,2,0,1,0
173,0,2,0,1,0
175,0,2,0,1,0
177,0,2,0,1,0
179,0,2,0,1,0
181,1,2,0,1,0
183,1,2,0,1,0
185,1,2,0,1,0
187,1,2,0,1,0
189,1,2,0,1,0
191,1,2,0,1,0
193,1,2,0,1,0
195,1,2,0,1,0
197,1,2,0,1,0
199,1,2,0,1,0
201,1,2,0,2,0
203,1,3,0,2,0
205,1,2,0,2,0
207,1,2,0,2,0
209,1,2,0,2,0
211,1,2,0,2,0
213,1,2,0,2,0
215,1,2,0,2,0
217,1,2,0,2,0
219,1,2,0,2,0
221,1,3,0,2,0
223,1,3,0,2,0
225,1,2,0,2,0
227,1,3,0,2,0
229,1,3,0,2,0
231,1,3,0,2,0
233,1,3,0,2,0
235,1,3,0,2,0
237,1,3,0,2,0
239,1,3,0,2,0
241,1,3,0,2,0
243,1,3,0,2,0
245,1,3,0,2,0
247,1,3,0,2,0
249,1,3,0,2,0
251,1,3,0,2,0
253,1,3,0,2,0
255,1,3,0,2,0
257,1,3,0,2,0
259,1,3,0,2,0
261,1,3,0,2,0
263,1,3,0,2,0
265,1,3,0,2,0
267,1,3,0,2,0
269,1,3,0,2,0
271,1,3,0,2,0
273,1,3,0,2,0
275,1,3,0,2,0
277,1,3,0,2,0
279,1,3,0,2,0
281,0,3,0,2,0
283,0,3,0,2,0
285,0,3,0,2,0
287,0,3,0,2,0
289,0,3,0,2,0
291,0,3,0,2,0
293,0,3,0,2,0
295,0,3,0,2,0
297,0,3,0,2,0
299,0,3,0,2,0
301,0,3,0,2,0
303,0,3,0,2,0
305,0,3,0,2,0
307,0,3,0,2,0
309,0,3,0,2,0
311,0,3,0,2,0
313,0,3,0,2,0
315,0,3,0,2,0
317,0,3,0,2,0
319,0,3,0,2,0
321,0,3,0,2,0
323,0,3,0,2,0
325,0,3,0,2,0
327,0,3,0,2,0
329,0,3,0,2,0
331,0,3,0,2,0
333,0,3,0,2,0
335,0,3,0,2,0
337,0,3,0,2,0
339,0,3,0,2,0
341,0,3,0,2,0
343,0,3,0,2,0
345,0,3,0,2,0
347,0,3,0,2,0
349,0,3,0,2,0
351,0,3,0,2,0
353,0,3,0,2,0
355,0,3,0,2,0
357,0,3,0,2,0
359,0,3,0,2,0
361,0,3,0,2,0
363,0,3,0,2,0
365,1,3,0,2,0
367,1,3,0,2,0
369,1,3,0,2,0
371,1,3,0,2,0
373,1,3,0,2,0
375,1,3,0,2,0
377,1,3,0,2,0
379,1,3,0,2,0
381,1,3,0,2,0
383,2,3,0,2,0
385,2,3,0,2,0
387,2,3,0,2,0
389,2,2,0,2,0
391,2,2,0,2,0
393,2,2,0,2,0
395,2,3,0,2,0
397,2,3,0,2,0
399,2,2,0,2,0
401,2,2,0,2,0
403,2,3,0,2,0
405,2,3,0,2,0
407,2,3,0,2,0
409,2,3,0,2,0
411,2,2,0,2,0
413,2,3,0,2,0
415,2,3,0,2,0
417,2,3,0,2,0
419,2,3,0,2,0
421,2,2,0,2,0
423,2,2,0,2,0
425,2,2,0,2,0
427,2,3,0,2,0
429,2,3,0,2,0
431,3,3,0,2,0
433,3,2,0,2,0
435,3,2,0,2,0
437,3,3,0,2,0
439,3,2,0,2,0
441,3,3,0,2,0
443,3,3,0,2,0
445,3,3,0,2,0
447,3,3,0,2,0
449,3,3,0,2,0
451,3,3,0,2,0
453,3,3,0,2,0
455,3,3,0,2,0
457,3,3,0,2,0
459,3,3,0,2,0
461,3,3,0,2,0
463,3,3,0,2,0
465,2,3,0,2,0
467,2,3,0,2,0
469,2,3,0,2,0
471,2,3,0,2,0
473,2,3,0,2,0
475,2,3,0,2,0
477,2,3,0,2,0
479,2,3,0,2,0
481,2,2,0,2,0
483,1,3,0,2,0
485,1,3,0,2,0
487,1,3,0,2,0
489,1,3,0,2,0
491,1,3,0,2,0
493,1,3,0,2,0
495,1,3,0,2,0
497,1,3,0,2,0
499,1,3,0,2,0
501,1,3,0,2,0
503,1,3,0,2,0
505,1,3,0,2,0
507,1,3,0,2,0
509,1,3,0,2,0
511,1,3,0,2,0
513,1,3,0,2,0
515,1,3,0,2,0
517,1,3,0,2,0
519,1,3,0,2,0
521,1,3,0,2,0
523,1,3,0,2,0
525,1,3,0,2,0
527,1,3,0,2,0
529,1,3,0,2,0
531,0,3,0,2,0
533,0,3,0,2,0
535,0,3,0,2,0
537,0,3,0,2,0
539,0,3,0,2,0
541,0,3,0,2,0
543,0,3,0,2,0
545,0,3,0,2,0
547,0,3,0,2,0
549,0,3,0,2,0
551,0,3,0,2,0
553,0,3,0,2,0
555,1,3,0,2,0
557,1,3,0,2,0
559,1,3,0,2,0
561,1,3,0,2,0
563,1,3,0,2,0
565,2,3,0,2,0
567,2,3,0,2,0
569,2,3,0,2,0
571,2,3,0,2,0
573,2,3,0,2,0
575,2,3,0,2,0
577,2,3,0,2,0
579,2,3,0,2,0
581,2,3,0,2,0
583,2,3,0,3,0
585,2,3,0,3,0
587,2,3,0,3,0
589,2,3,0,3,0
591,2,3,0,2,0
593,2,3,0,2,0
595,2,3,0,3,0
597,2,3,0,3,0
599,2,3,0,3,0
601,2,4,0,3,0
603,2,4,0,3,0
605,2,4,0,3,0
607,3,4,0,3,0
609,3,3,0,3,0
611,3,4,0,3,0
613,3,4,0,3,0
615,3,3,0,3,0
617,3,3,0,3,0
619,3,3,0,3,0
621,3,3,0,2,0
623,3,3,0,2,0
625,3,3,0,2,0
627,3,3,0,2,0
629,3,3,0,2,0
631,3,3,0,2,0
633,3,3,0,2,0
635,3,3,0,2,0
637,3,3,0,2,0
639,3,3,0,2,0
641,3,3,0,2,0
643,3,3,0,2,0
645,3,3,0,2,0
647,3,3,0,2,0
649,3,3,0,2,0
651,3,3,0,2,0
653,3,3,0,2,0
655,2,3,0,2,0
657,2,3,0,2,0
659,2,3,0,2,0
661,2,3,0,2,0
663,2,3,0,2,0
665,1,3,0,2,0
667,1,3,0,2,0
669,1,3,0,2,0
671,1,3,0,2,0
673,1,3,0,2,0
675,1,3,0,2,0
677,1,3,0,2,0
679,1,3,0,2,0
681,1,2,0,2,0
683,1,2,0,2,0
685,1,2,0,2,0
687,1,2,0,2,0
689,1,2,0,2,0
691,2,2,0,2,0
693,2,2,0,2,0
695,2,3,0,2,0
697,2,2,0,2,0
699,2,2,0,2,0
701,2,2,0,2,0
703,2,2,0,2,0
705,2,2,0,2,0
707,1,2,0,2,0
709,1,3,0,2,0
711,1,3,0,2,0
713,1,3,0,2,0
715,1,3,0,2,0
717,1,3,0,2,0
719,1,3,0,2,0
721,1,3,0,2,0
723,1,3,0,2,0
725,1,3,0,2,0
727,1,3,0,2,0
729,1,3,0,2,0
731,2,3,0,2,0
733,2,3,0,2,0
735,2,3,0,2,0
737,2,3,0,2,0
739,2,3,0,2,0
741,2,3,0,2,0
743,2,3,0,2,0
745,2,3,0,2,0
747,2,3,0,2,0
749,2,3,0,2,0
751,2,3,0,2,0
753,2,3,0,2,0
755,2,3,0,2,0
757,2,3,0,2,0
759,2,3,0,2,0
761,2,3,0,2,0
763,2,3,0,2,0
765,2,3,0,2,0
767,2,3,0,2,0
769,2,3,0,2,0
771,2,3,0,2,0
773,2,3,0,2,0
775,2,3,0,2,0
777,2,3,0,2,0
779,3,3,0,2,0
781,3,3,0,2,0
783,3,3,0,2,0
785,3,3,0,2,0
787,3,3,0,2,0
789,3,3,0,2,0
791,2,3,0,2,0
793,2,3,0,3,0
795,2,3,0,2,0
797,2,4,0,3,0
799,2,4,0,3,0
801,3,4,0,3,0
803,3,4,0,3,0
805,3,4,0,3,0
807,3,3,0,3,0
809,3,3,0,3,0
811,3,3,0,3,0
813,3,3,0,3,0
815,3,3,0,3,0
817,3,3,0,3,0
819,3,3,0,3,0
821,3,3,0,3,0
823,3,3,0,3,0
825,3,3,0,3,0
827,3,3,0,3,0
829,3,3,0,3,0
831,2,3,0,3,0
833,2,3,0,3,0
835,2,3,0,3,0
837,2,3,0,3,0
839,2,3,0,3,0
841,2,3,0,3,0
843,2,3,0,3,0
845,2,3,0,3,0
847,2,4,0,3,0
849,2,4,0,3,0
851,2,4,0,3,0
853,2,4,0,3,0
855,2,4,0,3,0
857,2,4,0,3,0
859,2,4,0,3,0
861,2,4,0,3,0
863,2,4,0,3,0
865,3,4,0,3,0
867,3,4,0,3,0
869,3,4,0,3,0
871,4,4,0,3,0
873,5,4,0,3,0
875,5,4,0,3,0
877,5,4,0,3,0
879,4,4,0,3,0
881,4,4,0,3,0
883,4,4,0,3,0
885,4,4,0,3,0
887,4,4,0,3,0
889,4,4,0,3,0
891,4,4,0,3,0
893,4,4,0,3,0
895,4,4,0,3,0
897,4,4,0,3,0
899,4,4,0,3,0
901,3,4,0,3,0
903,3,4,0,3,0
905,3,4,0,3,0
907,3,3,0,3,0
909,3,3,0,3,0
911,3,3,0,3,0
913,3,4,0,3,0
915,3,4,0,3,0
917,3,4,0,3,0
919,3,4,0,3,0
921,3,4,0,3,0
923,3,4,0,3,0
925,3,4,0,3,0
927,3,4,0,3,0
929,3,4,0,3,0
931,3,4,0,3,0
933,3,4,0,3,0
935,3,4,0,3,0
937,3,4,0,3,0
939,3,4,0,3,0
941,3,4,0,3,0
943,3,4,0,3,0
945,3,4,0,3,0
947,3,3,0,3,0
949,3,3,0,3,0
951,3,3,0,3,0
953,3,3,0,3,0
955,3,3,0,2,0
957,3,3,0,2,0
959,3,3,0,2,0
961,3,3,0,2,0
963,3,3,0,2,0
965,2,3,0,2,0
967,2,3,0,2,0
969,2,3,0,2,0
971,1,3,0,2,0
973,0,3,0,2,0
975,0,3,0,2,0
977,0,3,0,2,0
979,0,3,0,2,0
981,0,3,0,2,0
983,0,3,0,2,0
985,0,3,0,2,0
987,0,3,0,2,0
989,0,3,0,2,0
991,0,3,0,2,0
993,0,3,0,2,0
995,0,3,0,2,0
997,0,3,0,2,0
999,0,3,0,2,0
1001,0,3,0,2,0
1003,0,3,0,2,0
1005,0,3,0,2,0
1007,0,3,0,2,0
1009,0,3,0,2,0
1011,0,3,0,2,0
1013,0,3,0,2,0
1015,0,3,0,2,0
1017,0,3,0,2,0
1019,0,3,0,2,0
1021,0,3,0,3,0
1023,0,4,0,3,0
1025,0,4,0,3,0
1027,0,4,0,3,0
1029,0,3,0,3,0
1031,0,3,0,3,0
1033,0,3,0,3,0
1035,0,3,0,3,0
1037,0,3,0,3,0
1039,0,3,0,3,0
1041,0,3,0,3,0
1043,0,4,0,3,0
1045,0,4,0,3,0
1047,0,4,0,3,0
1049,0,4,0,3,0
1051,0,4,0,3,0
1053,0,4,0,3,0
1055,0,4,0,3,0
1057,0,4,0,3,0
1059,0,4,0,3,0
1061,0,4,0,3,0
1063,0,4,0,3,0
1065,0,4,0,3,0
1067,0,4,0,3,0
1069,0,4,0,3,0
1071,0,4,0,3,0
1073,0,4,0,3,0
1075,0,4,0,3,0
1077,0,4,0,3,0
1079,0,4,0,3,0
1081,0,4,0,3,0
1083,0,4,0,3,0
1085,0,4,0,3,0
1087,0,4,0,3,0
1089,0,4,0,3,0
1091,0,4,0,3,0
1093,0,4,0,3,0
1095,0,4,0,3,0
1097,0,4,0,3,0
1099,0,4,0,3,0
1101,0,4,0,3,0
1103,0,4,0,3,0
1105,0,4,0,3,0
1107,0,3,0,3,0
1109,0,3,0,3,0
1111,1,3,0,3,0
1113,1,3,0,3,0
1115,1,3,0,2,0
1117,1,3,0,2,0
1119,1,3,0,2,0
1121,1,3,0,2,0
1123,1,3,0,2,0
1125,1,3,0,2,0
1127,1,3,0,2,0
1129,1,3,0,2,0
1131,1,3,0,2,0
1133,1,3,0,2,0
1135,1,3,0,2,0
1137,1,3,0,2,0
1139,1,3,0,2,0
1141,1,3,0,2,0
1143,1,3,0,2,0
1145,1,3,0,2,0
1147,1,3,0,2,0
1149,1,3,0,2,0
1151,1,3,0,2,0
1153,1,3,0,2,0
1155,1,3,0,2,0
1157,1,3,0,2,0
1159,1,3,0,2,0
1161,1,3,0,2,0
1163,1,3,0,2,0
1165,1,3,0,2,0
1167,1,3,0,2,0
1169,1,3,0,2,0
1171,1,3,0,2,0
1173,1,3,0,2,0
1175,1,3,0,2,0
1177,1,3,0,2,0
1179,1,3,0,2,0
1181,1,3,0,2,0
1183,1,3,0,2,0
1185,1,3,0,2,0
1187,1,3,0,2,0
1189,1,3,0,2,0
1191,1,3,0,2,0
1193,1,3,0,2,0
1195,1,3,0,2,0
1197,1,3,0,2,0
1199,1,4,0,2,0
1201,1,4,0,3,0
1203,1,4,0,3,0
1205,1,4,0,3,0
1207,1,4,0,3,0
1209,1,4,0,3,0
1211,0,4,0,3,0
1213,0,4,0,3,0
1215,0,4,0,3,0
1217,0,4,0,3,0
1219,0,4,0,3,0
1221,0,4,0,3,0
1223,0,4,0,3,0
1225,0,4,0,3,0
1227,0,4,0,3,0
1229,0,4,0,3,0
1231,0,4,0,3,0
1233,0,4,0,3,0
1235,0,4,0,3,0
1237,0,4,0,3,0
1239,0,3,0,2,0
1241,0,3,0,2,0
1243,0,3,0,2,0
1245,0,3,0,2,0
1247,0,3,0,3,0
1249,0,3,0,3,0
1251,0,3,0,3,0
1253,0,3,0,3,0
1255,0,3,0,3,0
1257,0,3,0,3,0
1259,0,3,0,3,0
1261,0,3,0,3,0
1263,0,3,0,3,0
1265,0,4,0,3,0
1267,0,4,0,3,0
1269,0,3,0,3,0
1271,0,4,0,3,0
1273,0,3,0,3,0
1275,0,3,0,3,0
1277,0,3,0,3,0
1279,0,3,0,3,0
1281,0,3,0,3,0
1283,0,3,0,3,0
1285,0,3,0,3,0
1287,0,3,0,3,0
1289,0,3,0,3,0
1291,0,3,0,3,0
1293,0,3,0,3,0
1295,0,3,0,3,0
1297,0,3,0,3,0
1299,0,3,0,3,0
1301,0,3,0,2,0
1303,0,3,0,2,0
1305,0,3,0,2,0
1307,0,4,0,2,0
1309,0,4,0,2,0
1311,0,3,0,2,0
1313,0,4,0,2,0
1315,0,4,0,2,0
1317,0,4,0,2,0
1319,0,4,0,2,0
1321,0,4,0,2,0
1323,0,4,0,2,0
1325,0,4,0,2,0
1327,0,3,0,2,0
1329,0,3,0,2,0
1331,0,3,0,2,0
1333,0,3,0,2,0
1335,0,3,0,2,0
1337,0,3,0,2,0
1339,0,3,0,2,0
1341,0,3,0,2,0
1343,0,3,0,2,0
1345,0,3,0,2,0
1347,0,3,0,2,0
1349,0,3,0,2,0
1351,0,3,0,2,0
1353,0,3,0,2,0
1355,0,3,0,2,0
1357,0,3,0,2,0
1359,0,3,0,2,0
1361,0,3,0,2,0
1363,0,3,0,2,0
1365,0,3,0,2,0
1367,1,3,0,2,0
1369,1,3,0,2,0
1371,1,3,0,2,0
1373,2,3,0,2,0
1375,2,3,0,2,0
1377,2,3,0,2,0
1379,2,3,0,2,0
1381,2,3,0,2,0
1383,2,3,0,2,0
1385,2,3,0,2,0
1387,2,3,0,2,0
1389,2,3,0,2,0
1391,2,3,0,2,0
1393,2,4,0,3,0
1395,2,4,0,3,0
1397,2,4,0,3,0
1399,2,4,0,3,0
1401,2,4,0,3,0
1403,2,4,0,3,0
1405,2,4,0,3,0
1407,2,3,0,3,0
1409,2,3,0,3,0
1411,2,3,0,3,0
1413,2,3,0,2,0
1415,2,3,0,2,0
1417,2,4,0,2,0
1419,2,3,0,2,0
1421,2,3,0,3,0
1423,2,3,0,3,0
1425,2,3,0,3,0
1427,2,3,0,3,0
1429,2,3,0,3,0
1431,2,4,0,3,0
1433,2,4,0,3,0
1435,2,4,0,3,0
1437,2,4,0,3,0
1439,2,4,0,3,0
1441,2,4,0,3,0
1443,2,4,0,3,0
1445,2,4,0,3,0
1447,2,4,0,3,0
1449,3,4,0,3,0
1451,3,4,0,3,0
1453,3,4,0,3,0
1455,3,4,0,3,0
1457,3,4,0,3,0
1459,3,4,0,3,0
1461,3,4,0,3,0
1463,3,4,0,3,0
1465,3,4,0,3,0
1467,2,4,0,3,0
1469,2,4,0,3,0
1471,2,4,0,3,0
1473,1,4,0,3,0
1475,1,4,0,3,0
1477,1,4,0,3,0
1479,1,4,0,3,0
1481,1,4,0,3,0
1483,1,4,0,3,0
1485,1,4,0,3,0
1487,1,4,0,3,0
1489,1,4,0,3,0
1491,1,4,0,3,0
1493,1,4,0,3,0
1495,1,4,0,3,0
1497,1,4,0,3,0
1499,1,4,0,3,0
1501,1,4,0,3,0
1503,1,4,0,3,0
1505,1,4,0,3,0
1507,1,4,0,3,0
1509,1,4,0,3,0
1511,1,4,0,3,0
1513,1,4,0,3,0
1515,1,4,0,3,0
1517,1,4,0,3,0
1519,1,4,0,3,0
1521,1,4,0,3,0
1523,1,4,0,3,0
1525,1,4,0,3,0
1527,1,4,0,3,0
1529,1,4,0,3,0
1531,1,4,0,3,0
1533,1,4,0,3,0
1535,1,4,0,3,0
1537,1,4,0,3,0
1539,1,4,0,3,0
1541,1,4,0,3,0
1543,1,4,0,3,0
1545,1,4,0,3,0
1547,1,4,0,3,0
1549,0,4,0,3,0
1551,0,4,0,3,0
1553,0,4,0,3,0
1555,0,4,0,3,0
1557,0,4,0,3,0
1559,0,4,0,3,0
1561,0,4,0,3,0
1563,0,4,0,3,0
1565,0,4,0,3,0
1567,0,4,0,3,0
1569,0,4,0,3,0
1571,0,4,0,4,0
1573,0,4,0,4,0
1575,0,4,0,4,0
1577,0,4,0,4,0
1579,0,4,0,4,0
1581,0,4,0,4,0
1583,0,5,0,4,0
1585,0,4,0,3,0
1587,0,4,0,3,0
1589,0,4,0,3,0
1591,0,4,0,3,0
1593,0,4,0,3,0
1595,0,4,0,3,0
1597,0,4,0,3,0
1599,0,4,0,3,0
1601,0,4,0,3,0
1603,0,4,0,3,0
1605,0,4,0,3,0
1607,0,4,0,3,0
1609,0,4,0,3,0
1611,0,4,0,3,0
1613,0,4,0,3,0
1615,0,4,0,3,0
1617,0,4,0,3,0
1619,0,4,0,3,0
1621,0,4,0,3,0
1623,0,4,0,3,0
1625,0,4,0,3,0
1627,0,4,0,3,0
1629,0,4,0,3,0
1631,0,5,0,3,0
1633,0,5,0,3,0
1635,0,4,0,3,0
1637,0,4,0,3,0
1639,0,5,0,3,0
1641,0,5,0,3,0
1643,0,5,0,3,0
1645,0,5,0,3,0
1647,0,5,0,3,0
1649,0,5,0,3,0
1651,0,5,0,3,0
1653,0,5,0,3,0
1655,0,5,0,3,0
1657,0,5,0,3,0
1659,0,4,0,3,0
1661,0,4,0,3,0
1663,0,4,0,3,0
1665,0,4,0,3,0
1667,0,4,0,3,0
1669,0,4,0,3,0
1671,0,4,0,3,0
1673,0,4,0,3,0
1675,0,4,0,3,0
1677,0,4,0,3,0
1679,0,4,0,3,0
1681,0,4,0,3,0
1683,0,4,0,3,0
1685,0,4,0,3,0
1687,0,4,0,3,0
1689,0,4,0,3,0
1691,0,4,0,3,0
1693,0,4,0,3,0
1695,0,4,0,3,0
1697,0,4,0,3,0
1699,0,4,0,3,0
1701,0,4,0,3,0
1703,0,4,0,3,0
1705,0,4,0,3,0
1707,0,4,0,3,0
1709,0,4,0,3,0
1711,0,4,0,3,0
1713,0,4,0,3,0
1715,0,4,0,3,0
1717,0,4,0,3,0
1719,0,4,0,3,0
1721,0,4,0,3,0
1723,0,4,0,3,0
1725,0,3,0,3,0
1727,0,4,0,3,0
1729,0,4,0,3,0
1731,0,4,0,3,0
1733,0,4,0,3,0
1735,0,4,0,3,0
1737,0,4,0,3,0
1739,0,4,0,3,0
1741,0,4,0,3,0
1743,0,4,0,3,0
1745,0,4,0,3,0
1747,0,4,0,3,0
1749,0,4,0,3,0
1751,0,4,0,3,0
1753,0,4,0,3,0
1755,0,4,0,3,0
1757,0,4,0,3,0
1759,0,4,0,3,0
1761,0,4,0,3,0
1763,0,4,0,3,0
1765,0,4,0,3,0
1767,0,4,0,3,0
1769,0,4,0,3,0
1771,0,4,0,3,0
1773,0,4,0,3,0
1775,0,4,0,3,0
1777,0,4,0,3,0
1779,0,4,0,3,0
1781,0,4,0,3,0
1783,0,4,0,3,0
1785,0,4,0,3,0
1787,0,4,0,3,0
1789,0,4,0,3,0
1791,0,4,0,3,0
1793,0,4,0,3,0
1795,0,4,0,3,0
1797,0,4,0,3,0
1799,0,4,0,3,0
1801,0,4,0,3,0
1803,0,4,0,3,0
1805,0,4,0,3,0
1807,0,4,0,3,0
1809,0,4,0,3,0
1811,0,4,0,3,0
1813,0,4,0,3,0
1815,0,4,0,3,0
1817,0,4,0,3,0
1819,0,4,0,3,0
1821,0,4,0,3,0
1823,0,4,0,3,0
1825,0,4,0,3,0
1827,0,4,0,3,0
1829,0,4,0,3,0
1831,0,4,0,3,0
1833,0,4,0,3,0
1835,0,4,0,3,0
1837,0,4,0,3,0
1839,0,4,0,3,0
1841,0,4,0,3,0
1843,0,4,0,3,0
1845,0,4,0,3,0
1847,0,4,0,3,0
1849,0,4,0,3,0
1851,0,4,0,3,0
1853,0,4,0,3,0
1855,0,4,0,3,0
1857,0,4,0,3,0
1859,0,4,0,3,0
1861,0,4,0,3,0
1863,0,5,0,3,0
1865,0,5,0,3,0
1867,0,5,0,3,0
1869,0,5,0,3,0
1871,0,5,0,3,0
1873,0,5,0,3,0
1875,0,4,0,3,0
1877,0,4,0,3,0
1879,0,5,0,3,0
1881,0,4,0,3,0
1883,0,5,0,3,0
1885,0,5,0,3,0
1887,1,5,0,3,0
1889,1,5,0,3,0
1891,1,5,0,4,0
1893,1,5,0,4,0
1895,1,5,0,4,0
1897,1,5,0,4,0
1899,1,5,0,3,0
1901,1,5,0,3,0
1903,1,5,0,3,0
1905,1,5,0,3,0
1907,2,5,0,3,0
1909,2,5,0,3,0
1911,2,5,0,3,0
1913,3,5,0,3,0
1915,3,5,0,3,0
1917,3,5,0,3,0
1919,3,5,0,3,0
1921,3,4,0,3,0
1923,3,4,0,3,0
1925,3,4,0,3,0
1927,3,4,0,3,0
1929,3,4,0,3,0
1931,3,5,0,4,0
1933,3,4,0,4,0
1935,3,4,0,4,0
1937,3,4,0,4,0
1939,3,4,0,4,0
1941,3,4,0,3,0
1943,3,5,0,4,0
1945,3,4,0,4,0
1947,3,4,0,4,0
1949,3,4,0,4,0
1951,3,4,0,3,0
1953,3,4,0,3,0
1955,3,4,0,3,0
1957,3,4,0,3,0
1959,3,4,0,3,0
1961,3,4,0,3,0
1963,3,4,0,3,0
1965,3,4,0,3,0
1967,3,4,0,3,0
1969,3,4,0,3,0
1971,3,4,0,3,0
1973,3,4,0,3,0
1975,3,4,0,3,0
1977,3,4,0,2,0
1979,3,4,0,2,0
1981,3,3,0,2,0
1983,3,3,0,2,0
1985,3,3,0,2,0
1987,2,3,0,2,0
1989,2,3,0,2,0
1991,2,3,0,2,0
1993,2,3,0,2,0
1995,2,3,0,2,0
1997,2,3,0,2,0
1999,2,3,0,2,0
2001,2,3,0,2,0
2003,2,3,0,2,0
2005,2,3,0,2,0
2007,1,3,0,2,0
2009,1,3,0,2,0
2011,1,3,0,2,0
2013,0,3,0,2,0
2015,0,3,0,2,0
2017,0,3,0,2,0
2019,0,3,0,2,0
2021,0,3,0,2,0
2023,0,3,0,2,0
2025,0,3,0,2,0
2027,0,3,0,2,0
2029,0,3,0,2,0
2031,0,3,0,2,0
2033,0,3,0,2,0
2035,0,3,0,2,0
2037,0,3,0,2,0
2039,0,3,0,2,0
2041,0,3,0,2,0
2043,0,3,0,2,0
2045,0,3,0,2,0
2047,0,3,0,2,0
2049,0,3,0,2,0
2051,0,3,0,2,0
2053,0,3,0,2,0
2055,0,3,0,2,0
2057,0,3,0,2,0
2059,0,3,0,2,0
2061,0,3,0,2,0
2063,0,3,0,2,0
2065,0,3,0,2,0
2067,0,3,0,2,0
2069,0,3,0,2,0
2071,0,3,0,2,0
2073,0,3,0,2,0
2075,0,3,0,2,0
2077,0,3,0,2,0
2079,0,3,0,2,0
2081,0,3,0,2,0
2083,0,3,0,2,0
2085,0,3,0,2,0
2087,0,3,0,2,0
2089,0,3,0,2,0
2091,0,3,0,2,0
2093,0,3,0,2,0
2095,0,3,0,2,0
2097,0,3,0,2,0
2099,0,4,0,2,0
2101,0,3,0,2,0
2103,0,3,0,2,0
2105,0,3,0,2,0
2107,0,3,0,2,0
2109,0,3,0,2,0
2111,0,3,0,2,0
2113,0,3,0,2,0
2115,0,3,0,2,0
2117,0,3,0,2,0
2119,0,3,0,2,0
2121,0,3,0,2,0
2123,0,3,0,3,0
2125,0,3,0,3,0
2127,0,3,0,2,0
2129,0,3,0,2,0
2131,0,3,0,2,0
2133,0,3,0,2,0
2135,0,3,0,2,0
2137,0,3,0,2,0
2139,0,3,0,2,0
2141,0,3,0,2,0
2143,0,3,0,2,0
2145,0,3,0,2,0
2147,0,3,0,3,0
2149,0,3,0,3,0
2151,0,3,0,3,0
2153,0,3,0,3,0
2155,0,3,0,3,0
2157,0,3,0,2,0
2159,0,3,0,3,0
2161,0,3,0,2,0
2163,0,3,0,2,0
2165,0,3,0,2,0
2167,0,3,0,3,0
2169,0,3,0,2,0
2171,0,3,0,3,0
2173,0,3,0,3,0
2175,0,3,0,2,0
2177,0,3,0,2,0
2179,0,3,0,2,0
2181,0,3,0,2,0
2183,0,3,0,2,0
2185,0,3,0,2,0
2187,0,4,0,2,0
2189,0,4,0,2,0
2191,0,4,0,3,0
2193,0,4,0,3,0
2195,0,4,0,3,0
2197,0,4,0,3,0
2199,0,4,0,3,0
2201,0,4,0,3,0
2203,0,4,0,3,0
2205,0,4,0,3,0
2207,0,4,0,3,0
2209,0,4,0,3,0
2211,0,4,0,3,0
2213,0,4,0,3,0
2215,0,4,0,3,0
2217,0,4,0,3,0
2219,0,4,0,3,0
2221,0,4,0,3,0
2223,0,4,0,3,0
2225,0,4,0,3,0
2227,0,4,0,3,0
2229,0,4,0,3,0
2231,0,4,0,3,0
2233,0,4,0,3,0
2235,0,4,0,3,0
2237,0,4,0,3,0
2239,0,4,0,3,0
2241,0,4,0,3,0
2243,0,4,0,3,0
2245,0,4,0,3,0
2247,0,4,0,3,0
2249,0,4,0,3,0
2251,0,4,0,3,0
2253,0,4,0,3,0
2255,0,4,0,3,0
2257,0,4,0,3,0
2259,0,4,0,3,0
2261,0,4,0,3,0
2263,0,4,0,3,0
2265,0,4,0,3,0
2267,0,4,0,3,0
2269,0,4,0,3,0
2271,0,4,0,3,0
2273,0,4,0,3,0
2275,0,4,0,3,0
2277,0,4,0,3,0
2279,0,4,0,4,0
2281,0,5,0,4,0
2283,0,5,0,4,0
2285,0,5,0,4,0
2287,0,4,0,4,0
2289,0,4,0,4,0
2291,0,4,0,4,0
2293,0,4,0,4,0
2295,0,4,0,4,0
2297,0,4,0,4,0
2299,0,4,0,4,0
2301,0,4,0,4,0
2303,0,4,0,4,0
2305,0,4,0,4,0
2307,0,4,0,3,0
2309,0,4,0,3,0
2311,0,4,0,3,0
2313,0,4,0,3,0
2315,0,4,0,3,0
2317,0,4,0,3,0
2319,0,4,0,3,0
2321,0,4,0,3,0
2323,0,4,0,3,0
2325,0,4,0,3,0
2327,0,4,0,3,0
2329,0,4,0,3,0
2331,0,4,0,3,0
2333,0,4,0,3,0
2335,0,4,0,3,0
2337,0,4,0,3,0
2339,0,4,0,3,0
2341,0,4,0,3,0
2343,0,4,0,3,0
2345,0,4,0,3,0
2347,0,4,0,3,0
2349,0,4,0,3,0
2351,0,4,0,3,0
2353,0,4,0,3,0
2355,0,4,0,3,0
2357,0,4,0,3,0
2359,0,4,0,3,0
2361,0,4,0,3,0
2363,0,4,0,3,0
2365,0,3,0,3,0
2367,0,3,0,3,0
2369,0,4,0,3,0
2371,0,4,0,3,0
2373,0,4,0,3,0
2375,0,4,0,3,0
2377,0,4,0,2,0
2379,0,3,0,2,0
2381,0,3,0,2,0
2383,0,3,0,2,0
2385,0,3,0,2,0
2387,0,3,0,2,0
2389,0,3,0,2,0
2391,0,3,0,2,0
2393,0,3,0,2,0
2395,0,3,0,2,0
2397,0,3,0,2,0
2399,0,3,0,2,0
2401,0,4,0,2,0
2403,0,4,0,2,0
2405,0,4,0,3,0
2407,0,4,0,3,0
2409,0,4,0,3,0
2411,0,4,0,3,0
2413,0,4,0,3,0
2415,0,4,0,3,0
2417,0,4,0,3,0
2419,0,4,0,3,0
2421,0,4,0,3,0
2423,0,4,0,3,0
2425,0,4,0,3,0
2427,0,4,0,3,0
2429,0,4,0,3,0
2431,0,4,0,3,0
2433,0,4,0,3,0
2435,0,4,0,3,0
2437,0,4,0,3,0
2439,0,4,0,3,0
2441,0,4,0,3,0
2443,0,4,0,3,0
2445,0,4,0,3,0
2447,0,4,0,3,0
2449,0,4,0,3,0
2451,0,4,0,3,0
2453,0,4,0,3,0
2455,0,4,0,3,0
2457,0,4,0,3,0
2459,0,4,0,3,0
2461,0,4,0,3,0
2463,0,4,0,3,0
2465,0,4,0,3,0
2467,0,4,0,3,0
2469,0,4,0,3,0
2471,0,4,0,3,0
2473,0,4,0,3,0
2475,0,4,0,3,0
2477,0,4,0,3,0
2479,0,4,0,3,0
2481,0,4,0,3,0
2483,0,4,0,3,0
2485,0,4,0,3,0
2487,0,4,0,3,0
2489,0,4,0,3,0
2491,0,4,0,3,0
2493,0,4,0,3,0
2495,0,4,0,3,0
2497,0,4,0,3,0
2499,0,4,0,3,0
2501,0,4,0,3,0
2503,0,4,0,3,0
2505,0,4,0,3,0
2507,0,4,0,3,0
2509,0,4,0,3,0
2511,0,4,0,3,0
2513,0,4,0,3,0
2515,0,4,0,3,0
2517,0,4,0,3,0
2519,0,4,0,3,0
2521,0,4,0,3,0
2523,0,4,0,3,0
2525,0,4,0,3,0
2527,0,4,0,3,0
2529,0,4,0,3,0
2531,0,4,0,3,0
2533,0,4,0,3,0
2535,0,4,0,3,0
2537,0,4,0,3,0
2539,0,4,0,3,0
2541,0,4,0,3,0
2543,0,4,0,3,0
2545,0,4,0,3,0
2547,0,4,0,3,0
2549,0,4,0,3,0
2551,0,4,0,3,0
2553,0,4,0,3,0
2555,0,4,0,3,0
2557,0,4,0,3,0
2559,0,4,0,3,0
2561,0,4,0,3,0
2563,0,4,0,3,0
2565,0,4,0,3,0
2567,0,4,0,3,0
2569,0,4,0,3,0
2571,0,4,0,3,0
2573,0,4,0,3,0
2575,0,4,0,3,0
2577,0,4,0,3,0
2579,0,4,0,3,0
2581,0,4,0,3,0
2583,0,4,0,3,0
2585,0,4,0,3,0
2587,0,4,0,3,0
2589,0,4,0,3,0
2591,0,4,0,3,0
2593,0,4,0,3,0
2595,0,4,0,3,0
2597,0,4,0,3,0
2599,0,4,0,3,0
2601,0,4,0,3,0
2603,0,4,0,3,0
2605,0,4,0,3,0
2607,0,4,0,3,0
2609,0,4,0,3,0
2611,0,4,0,3,0
2613,0,4,0,3,0
2615,0,4,0,3,0
2617,0,4,0,3,0
2619,0,4,0,3,0
2621,0,4,0,3,0
2623,0,4,0,3,0
2625,0,4,0,3,0
2627,0,4,0,3,0
2629,0,4,0,3,0
2631,0,4,0,3,0
2633,0,4,0,3,0
2635,0,4,0,3,0
2637,0,4,0,3,0
2639,0,4,0,3,0
2641,0,4,0,3,0
2643,0,4,0,3,0
2645,0,4,0,3,0
2647,0,4,0,3,0
2649,0,4,0,3,0
2651,0,4,0,3,0
2653,0,4,0,3,0
2655,0,4,0,3,0
2657,0,4,0,3,0
2659,0,4,0,3,0
2661,0,4,0,3,0
2663,0,4,0,2,0
2665,0,4,0,2,0
2667,0,3,0,2,0
2669,0,3,0,2,0
2671,0,3,0,2,0
2673,0,3,0,2,0
2675,0,3,0,2,0
2677,0,3,0,2,0
2679,0,3,0,2,0
2681,0,3,0,2,0
2683,0,3,0,2,0
2685,0,3,0,2,0
2687,1,3,0,2,0
2689,2,3,0,2,0
2691,2,3,0,2,0
2693,3,3,0,2,0
2695,3,4,0,2,0
2697,3,4,0,2,0
2699,3,4,0,3,0
2701,3,3,0,3,0
2703,3,3,0,2,0
2705,3,4,0,3,0
2707,3,4,0,3,0
2709,3,4,0,3,0
2711,3,4,0,3,0
2713,3,4,0,3,0
2715,3,4,0,3,0
2717,3,4,0,3,0
2719,3,4,0,3,0
2721,3,4,0,3,0
2723,3,4,0,3,0
2725,3,4,0,3,0
2727,4,4,0,3,0
2729,4,4,0,3,0
2731,4,4,0,3,0
2733,4,4,0,3,0
2735,4,4,0,3,0
2737,4,5,0,3,0
2739,4,5,0,4,0
2741,4,5,0,4,0
2743,4,5,0,4,0
2745,4,5,0,4,0
2747,4,5,0,4,0
2749,4,5,0,4,0
2751,4,5,0,4,0
2753,4,5,0,4,0
2755,4,5,0,4,0
2757,4,5,0,4,0
2759,4,5,0,4,0
2761,4,5,0,4,0
2763,4,5,0,4,0
2765,4,5,0,4,0
2767,4,5,0,4,0
2769,4,5,0,4,0
2771,4,5,0,4,0
2773,4,5,0,4,0
2775,5,5,0,4,0
2777,5,5,0,4,0
2779,5,5,0,4,0
2781,6,5,0,4,0
2783,6,5,0,4,0
2785,7,5,0,4,0
2787,6,5,0,4,0
2789,5,5,0,4,0
2791,5,5,0,4,0
2793,4,5,0,4,0
2795,4,5,0,4,0
2797,4,5,0,4,0
2799,4,5,0,4,0
2801,4,5,0,4,0
2803,4,5,0,4,0
2805,4,5,0,4,0
2807,4,5,0,4,0
2809,5,5,0,4,0
2811,5,5,0,4,0
2813,6,5,0,4,0
2815,6,5,0,4,0
2817,6,4,0,4,0
2819,6,5,0,3,0
2821,6,5,0,3,0
2823,6,4,0,3,0
2825,6,4,0,3,0
2827,5,4,0,3,0
2829,5,4,0,3,0
2831,5,4,0,3,0
2833,5,4,0,3,0
2835,5,4,0,3,0
2837,5,4,0,3,0
2839,5,4,0,3,0
2841,5,4,0,3,0
2843,5,4,0,3,0
2845,5,4,0,3,0
2847,5,4,0,3,0
2849,5,4,0,3,0
2851,5,4,0,3,0
2853,5,4,0,2,0
2855,5,4,0,2,0
2857,5,3,0,2,0
2859,5,3,0,2,0
2861,5,3,0,2,0
2863,5,3,0,2,0
2865,5,3,0,2,0
2867,5,3,0,2,0
2869,5,3,0,2,0
2871,5,3,0,2,0
2873,5,3,0,2,0
2875,4,3,0,2,0
2877,4,3,0,2,0
2879,4,3,0,2,0
2881,3,3,0,2,0
2883,3,3,0,2,0
2885,2,3,0,2,0
2887,2,3,0,2,0
2889,2,3,0,2,0
2891,2,3,0,2,0
2893,2,3,0,2,0
2895,2,3,0,2,0
2897,2,3,0,2,0
2899,2,3,0,2,0
2901,2,3,0,2,0
2903,2,3,0,2,0
2905,2,3,0,2,0
2907,2,3,0,2,0
2909,2,3,0,2,0
2911,1,3,0,2,0
2913,0,3,0,2,0
2915,0,3,0,2,0
2917,0,3,0,2,0
2919,0,2,0,2,0
2921,0,2,0,2,0
2923,0,3,0,2,0
2925,0,3,0,2,0
2927,0,3,0,2,0
2929,0,3,0,2,0
2931,0,3,0,2,0
2933,0,3,0,2,0
2935,0,2,0,2,0
2937,0,2,0,2,0
2939,0,2,0,2,0
2941,0,2,0,2,0
2943,0,2,0,2,0
2945,0,2,0,2,0
2947,0,2,0,2,0
2949,0,2,0,2,0
2951,0,3,0,2,0
2953,0,2,0,2,0
2955,0,2,0,2,0
2957,0,2,0,2,0
2959,0,2,0,2,0
2961,0,2,0,2,0
2963,0,2,0,2,0
2965,0,2,0,2,0
2967,0,3,0,2,0
2969,0,3,0,2,0
2971,0,3,0,2,0
2973,0,3,0,2,0
2975,0,2,0,2,0
2977,0,2,0,2,0
2979,0,2,0,2,0
2981,0,2,0,2,0
2983,0,2,0,2,0
2985,0,2,0,1,0
2987,0,2,0,1,0
2989,0,2,0,2,0
2991,0,2,0,2,0
2993,0,2,0,2,0
2995,0,2,0,2,0
2997,0,2,0,2,0
2999,0,2,0,2,0
3001,0,2,0,2,0
3003,0,2,0,1,0
3005,0,2,0,1,0
3007,0,2,0,2,0
3009,0,2,0,2,0
3011,0,2,0,2,0
3013,0,2,0,2,0
3015,0,2,0,2,0
3017,0,2,0,2,0
3019,0,2,0,2,0
3021,0,2,0,2,0
3023,0,2,0,2,0
3025,0,2,0,2,0
3027,0,2,0,2,0
3029,0,3,0,2,0
3031,0,2,0,2,0
3033,0,2,0,2,0
3035,0,3,0,2,0
3037,0,3,0,2,0
3039,0,3,0,2,0
3041,0,3,0,2,0
3043,0,3,0,2,0
3045,0,3,0,2,0
3047,0,3,0,2,0
3049,0,3,0,2,0
3051,0,3,0,2,0
3053,0,3,0,2,0
3055,0,3,0,2,0
3057,0,3,0,2,0
3059,0,3,0,2,0
3061,0,3,0,2,0
3063,0,3,0,2,0
3065,0,3,0,2,0
3067,0,2,0,2,0
3069,0,2,0,2,0
3071,0,3,0,2,0
3073,0,3,0,2,0
3075,0,2,0,2,0
3077,0,2,0,2,0
3079,0,3,0,2,0
3081,0,3,0,2,0
3083,0,3,0,2,0
3085,0,3,0,2,0
3087,0,3,0,2,0
3089,0,3,0,2,0
3091,0,2,0,2,0
3093,0,2,0,2,0
3095,0,2,0,2,0
3097,0,2,0,2,0
3099,0,2,0,2,0
3101,0,2,0,2,0
3103,0,2,0,2,0
3105,0,2,0,2,0
3107,0,2,0,2,0
3109,1,2,0,2,0
3111,1,2,0,2,0
3113,1,2,0,2,0
3115,1,3,0,2,0
3117,1,3,0,2,0
3119,1,3,0,2,0
3121,1,3,0,2,0
3123,1,3,0,2,0
3125,1,3,0,2,0
3127,1,3,0,2,0
3129,1,3,0,2,0
3131,1,3,0,2,0
3133,1,3,0,2,0
3135,1,3,0,2,0
3137,1,3,0,2,0
3139,1,3,0,2,0
3141,1,3,0,2,0
3143,1,2,0,2,0
3145,1,2,0,2,0
3147,1,2,0,2,0
3149,1,2,0,2,0
3151,1,2,0,2,0
3153,1,2,0,2,0
3155,1,2,0,2,0
3157,1,2,0,2,0
3159,1,2,0,2,0
3161,1,2,0,2,0
3163,1,2,0,1,0
3165,1,2,0,1,0
3167,1,2,0,1,0
3169,1,2,0,1,0
3171,1,2,0,1,0
3173,1,2,0,1,0
3175,1,2,0,1,0
3177,1,2,0,1,0
3179,1,2,0,1,0
3181,1,2,0,1,0
3183,1,2,0,1,0
3185,1,2,0,1,0
3187,1,2,0,1,0
3189,1,2,0,1,0
3191,1,2,0,1,0
3193,1,2,0,1,0
3195,1,2,0,1,0
3197,1,2,0,1,0
3199,1,2,0,1,0
3201,1,2,0,1,0
3203,1,2,0,1,0
3205,1,2,0,1,0
3207,1,2,0,1,0
3209,0,2,0,1,0
3211,0,2,0,1,0
3213,0,2,0,1,0
3215,0,2,0,1,0
3217,0,2,0,1,0
3219,0,2,0,1,0
3221,0,2,0,1,0
3223,0,2,0,1,0
3225,0,2,0,1,0
3227,0,2,0,1,0
3229,0,2,0,1,0
3231,0,2,0,1,0
3233,0,2,0,1,0
3235,0,2,0,1,0
3237,0,2,0,1,0
3239,0,2,0,1,0
3241,0,2,0,1,0
3243,0,2,0,1,0
3245,0,2,0,1,0
3247,0,2,0,1,0
3249,0,2,0,1,0
3251,0,2,0,1,0
3253,0,2,0,1,0
3255,0,2,0,1,0
3257,0,2,0,1,0
3259,0,2,0,1,0
3261,0,2,0,1,0
3263,0,2,0,1,0
3265,0,2,0,1,0
3267,0,2,0,1,0
3269,0,2,0,2,0
3271,0,2,0,2,0
3273,0,2,0,1,0
3275,0,2,0,1,0
3277,0,2,0,1,0
3279,0,2,0,1,0
3281,0,2,0,1,0
3283,0,2,0,1,0
3285,0,2,0,1,0
3287,0,2,0,2,0
3289,0,2,0,2,0
3291,0,2,0,2,0
3293,0,2,0,2,0
3295,0,2,0,2,0
3297,0,2,0,2,0
3299,0,2,0,2,0
3301,0,2,0,2,0
3303,0,2,0,2,0
3305,0,2,0,2,0
3307,0,2,0,1,0
3309,0,2,0,1,0
3311,0,3,0,2,0
3313,0,3,0,2,0
3315,0,3,0,2,0
3317,0,3,0,2,0
3319,0,3,0,2,0
3321,0,3,0,2,0
3323,0,2,0,2,0
3325,0,2,0,2,0
3327,0,2,0,2,0
3329,0,2,0,2,0
3331,0,2,0,2,0
3333,0,2,0,2,0
3335,0,2,0,2,0
3337,0,2,0,2,0
3339,0,2,0,2,0
3341,0,2,0,2,0
3343,0,2,0,2,0
3345,0,2,0,2,0
3347,0,2,0,2,0
3349,0,2,0,2,0
3351,0,2,0,2,0
3353,0,2,0,2,0
3355,0,2,0,2,0
3357,0,2,0,2,0
3359,0,2,0,2,0
3361,0,2,0,2,0
3363,0,2,0,2,0
3365,0,2,0,2,0
3367,0,2,0,2,0
3369,0,2,0,2,0
3371,0,2,0,2,0
3373,0,2,0,2,0
3375,0,2,0,2,0
3377,0,2,0,2,0
3379,0,2,0,2,0
3381,0,2,0,2,0
3383,0,2,0,2,0
3385,0,2,0,2,0
3387,0,2,0,2,0
3389,0,2,0,2,0
3391,0,2,0,2,0
3393,0,2,0,2,0
3395,0,2,0,2,0
3397,0,2,0,2,0
3399,0,2,0,2,0
3401,0,2,0,2,0
3403,0,2,0,2,0
3405,0,2,0,2,0
3407,0,2,0,2,0
3409,0,2,0,2,0
3411,0,2,0,2,0
3413,0,2,0,2,0
3415,0,2,0,2,0
3417,0,2,0,2,0
3419,0,2,0,2,0
3421,0,2,0,2,0
3423,0,2,0,2,0
3425,0,2,0,2,0
3427,0,2,0,2,0
3429,0,2,0,2,0
3431,0,2,0,2,0
3433,0,2,0,2,0
3435,0,2,0,2,0
3437,0,2,0,2,0
3439,0,2,0,2,0
3441,0,2,0,2,0
3443,0,2,0,2,0
3445,0,2,0,2,0
3447,0,2,0,2,0
3449,0,2,0,2,0
3451,0,2,0,2,0
3453,0,2,0,2,0
3455,0,2,0,2,0
3457,0,2,0,2,0
3459,0,2,0,2,0
3461,0,2,0,2,0
3463,0,3,0,2,0
3465,0,3,0,2,0
3467,0,3,0,2,0
3469,0,3,0,2,0
3471,0,3,0,2,0
3473,0,3,0,2,0
3475,0,3,0,2,0
3477,0,3,0,2,0
3479,0,3,0,2,0
3481,0,3,0,2,0
3483,0,3,0,2,0
3485,0,3,0,2,0
3487,0,3,0,2,0
3489,0,3,0,2,0
3491,0,3,0,2,0
3493,0,3,0,2,0
3495,0,3,0,2,0
3497,0,3,0,2,0
3499,0,3,0,2,0
3501,0,3,0,2,0
3503,0,3,0,2,0
3505,0,3,0,2,0
3507,0,3,0,2,0
3509,0,3,0,2,0
3511,0,3,0,2,0
3513,0,3,0,2,0
3515,0,3,0,2,0
3517,0,3,0,2,0
3519,0,3,0,2,0
3521,0,3,0,2,0
3523,0,3,0,2,0
3525,0,3,0,2,0
3527,0,3,0,2,0
3529,0,3,0,2,0
3531,0,3,0,2,0
3533,0,3,0,2,0
3535,0,3,0,2,0
3537,0,3,0,2,0
3539,0,3,0,2,0
3541,0,3,0,2,0
3543,0,3,0,2,0
3545,0,3,0,2,0
3547,0,3,0,2,0
3549,0,3,0,2,0
3551,0,3,0,2,0
3553,0,3,0,2,0
3555,0,3,0,2,0
3557,0,3,0,2,0
3559,0,3,0,2,0
3561,0,3,0,2,0
3563,1,3,0,2,0
3565,1,3,0,2,0
3567,1,3,0,2,0
3569,1,3,0,2,0
3571,1,3,0,2,0
3573,1,3,0,2,0
3575,1,3,0,2,0
3577,1,3,0,2,0
3579,1,3,0,2,0
3581,1,3,0,2,0
3583,2,2,0,2,0
3585,2,2,0,2,0
3587,2,2,0,2,0
3589,2,2,0,2,0
3591,2,2,0,2,0
3593,2,2,0,2,0
3595,2,2,0,2,0
3597,2,2,0,2,0
3599,2,3,0,2,0
3601,2,3,0,2,0
3603,2,3,0,2,0
3605,2,3,0,2,0
3607,2,3,0,2,0
3609,2,3,0,2,0
3611,2,3,0,2,0
3613,2,3,0,2,0
3615,2,3,0,2,0
3617,2,3,0,2,0
3619,2,3,0,2,0
3621,2,3,0,2,0
3623,2,3,0,2,0
3625,2,3,0,2,0
3627,2,3,0,2,0
3629,2,3,0,2,0
3631,2,3,0,2,0
3633,2,3,0,2,0
3635,2,3,0,2,0
3637,2,3,0,2,0
3639,2,3,0,2,0
3641,2,3,0,2,0
3643,2,3,0,2,0
3645,2,3,0,2,0
3647,2,3,0,2,0
3649,2,3,0,2,0
3651,2,3,0,2,0
3653,2,3,0,2,0
3655,2,3,0,2,0
3657,2,3,0,2,0
3659,2,3,0,2,0
3661,2,3,0,2,0
3663,1,3,0,2,0
3665,1,3,0,2,0
3667,1,3,0,2,0
3669,1,3,0,2,0
3671,1,3,0,2,0
3673,1,3,0,2,0
3675,1,3,0,2,0
3677,1,3,0,2,0
3679,1,3,0,2,0
3681,1,3,0,2,0
3683,0,3,0,2,0
3685,0,3,0,2,0
3687,0,3,0,2,0
3689,0,3,0,2,0
3691,0,3,0,2,0
3693,0,3,0,2,0
3695,0,3,0,2,0
3697,0,3,0,2,0
3699,0,2,0,2,0
3701,0,2,0,2,0
3703,0,2,0,2,0
3705,0,2,0,2,0
3707,0,2,0,2,0
3709,0,2,0,2,0
3711,0,2,0,2,0
3713,0,2,0,2,0
3715,0,2,0,2,0
3717,0,2,0,2,0
3719,0,2,0,2,0
3721,0,2,0,2,0
3723,0,2,0,2,0
3725,0,3,0,2,0
3727,0,3,0,2,0
3729,0,3,0,2,0
3731,0,3,0,2,0
3733,0,3,0,2,0
3735,0,2,0,2,0
3737,0,2,0,2,0
3739,0,2,0,2,0
3741,0,2,0,2,0
3743,0,2,0,2,0
3745,0,3,0,2,0
3747,0,3,0,2,0
3749,0,3,0,2,0
3751,0,3,0,2,0
3753,0,2,0,2,0
3755,0,2,0,2,0
3757,0,2,0,2,0
3759,0,2,0,2,0
3761,0,2,0,2,0
3763,0,3,0,2,0
3765,0,2,0,2,0
3767,0,3,0,2,0
3769,0,3,0,2,0
3771,0,3,0,2,0
3773,0,3,0,2,0
3775,0,3,0,2,0
3777,0,3,0,2,0
3779,0,3,0,2,0
3781,0,3,0,2,0
3783,0,3,0,2,0
3785,0,3,0,2,0
3787,0,3,0,2,0
3789,0,3,0,2,0
3791,0,3,0,2,0
3793,0,3,0,2,0
3795,0,3,0,2,0
3797,0,3,0,2,0
3799,0,3,0,2,0
3801,0,3,0,2,0
3803,0,3,0,2,0
3805,0,2,0,2,0
3807,0,2,0,2,0
3809,0,3,0,2,0
3811,0,3,0,2,0
3813,0,3,0,2,0
3815,0,3,0,2,0
3817,0,3,0,2,0
3819,0,3,0,2,0
3821,0,3,0,2,0
3823,0,3,0,2,0
3825,0,3,0,2,0
3827,0,3,0,2,0
3829,0,3,0,2,0
3831,1,3,0,2,0
3833,1,3,0,2,0
3835,2,3,0,2,0
3837,2,3,0,2,0
3839,2,3,0,2,0
3841,2,3,0,2,0
3843,2,3,0,2,0
3845,2,3,0,2,0
3847,2,3,0,2,0
3849,2,3,0,2,0
3851,2,3,0,2,0
3853,2,3,0,2,0
3855,2,3,0,2,0
3857,2,3,0,2,0
3859,2,3,0,2,0
3861,2,3,0,2,0
3863,2,3,0,2,0
3865,2,3,0,2,0
3867,2,3,0,2,0
3869,2,3,0,2,0
3871,2,3,0,2,0
3873,2,3,0,2,0
3875,2,3,0,2,0
3877,2,3,0,2,0
3879,2,3,0,2,0
3881,2,3,0,2,0
3883,2,3,0,2,0
3885,2,3,0,2,0
3887,2,3,0,2,0
3889,2,3,0,2,0
3891,2,3,0,2,0
3893,2,3,0,2,0
3895,2,3,0,2,0
3897,2,3,0,2,0
3899,2,3,0,2,0
3901,2,3,0,2,0
3903,2,3,0,2,0
3905,2,3,0,2,0
3907,2,3,0,2,0
3909,2,3,0,2,0
3911,2,3,0,2,0
3913,2,3,0,2,0
3915,2,3,0,2,0
3917,2,3,0,2,0
3919,2,3,0,2,0
3921,2,3,0,2,0
3923,2,3,0,2,0
3925,2,3,0,2,0
3927,2,3,0,2,0
3929,2,3,0,2,0
3931,1,2,0,2,0
3933,1,2,0,2,0
3935,0,2,0,2,0
3937,0,2,0,2,0
3939,0,2,0,2,0
3941,0,2,0,2,0
3943,0,2,0,2,0
3945,0,2,0,2,0
3947,0,2,0,2,0
3949,0,3,0,2,0
3951,0,3,0,2,0
3953,0,3,0,2,0
3955,0,3,0,2,0
3957,0,3,0,2,0
3959,0,3,0,2,0
3961,0,3,0,2,0
3963,0,3,0,2,0
3965,0,3,0,2,0
3967,0,3,0,2,0
3969,0,3,0,2,0
3971,0,3,0,2,0
3973,0,3,0,2,0
3975,0,3,0,2,0
3977,0,3,0,2,0
3979,0,3,0,2,0
3981,0,3,0,2,0
3983,0,3,0,2,0
3985,0,3,0,2,0
3987,0,3,0,2,0
3989,0,3,0,2,0
3991,0,3,0,2,0
3993,0,3,0,2,0
3995,0,3,0,2,0
3997,0,3,0,2,0
3999,0,3,0,2,0
4001,0,3,0,2,0
4003,0,3,0,2,0
4005,0,3,0,2,0
4007,0,3,0,2,0
4009,0,3,0,2,0
4011,0,3,0,2,0
4013,0,3,0,2,0
4015,0,3,0,2,0
4017,0,3,0,2,0
4019,0,3,0,2,0
4021,0,3,0,2,0
4023,0,3,0,2,0
4025,0,3,0,2,0
4027,0,3,0,2,0
4029,0,3,0,2,0
4031,0,3,0,2,0
4033,0,3,0,2,0
4035,0,3,0,2,0
4037,0,3,0,2,0
4039,0,3,0,2,0
4041,0,3,0,2,0
4043,0,3,0,2,0
4045,0,3,0,2,0
4047,0,3,0,2,0
4049,0,3,0,2,0
4051,0,3,0,2,0
4053,0,3,0,2,0
4055,0,3,0,2,0
4057,0,3,0,2,0
4059,0,3,0,2,0
4061,0,3,0,2,0
4063,0,3,0,2,0
4065,0,3,0,2,0
4067,0,3,0,2,0
4069,0,3,0,2,0
4071,0,3,0,2,0
4073,0,3,0,2,0
4075,0,3,0,2,0
4077,0,3,0,2,0
4079,0,3,0,2,0
4081,0,3,0,2,0
4083,0,3,0,2,0
4085,0,3,0,2,0
4087,0,3,0,2,0
4089,0,3,0,2,0
4091,1,3,0,2,0
4093,1,3,0,2,0
4095,1,3,0,2,0
4097,1,3,0,2,0
4099,1,3,0,2,0
4101,1,3,0,2,0
4103,1,3,0,2,0
4105,1,3,0,2,0
4107,1,3,0,2,0
4109,1,3,0,2,0
4111,1,3,0,2,0
4113,1,3,0,2,0
4115,1,3,0,2,0
4117,1,3,0,2,0
4119,1,3,0,2,0
4121,1,3,0,2,0
4123,1,3,0,2,0
4125,1,3,0,2,0
4127,1,3,0,2,0
4129,1,3,0,2,0
4131,1,3,0,2,0
4133,1,3,0,2,0
4135,1,3,0,2,0
4137,1,3,0,2,0
4139,1,3,0,2,0
4141,1,3,0,2,0
4143,1,3,0,2,0
4145,1,3,0,2,0
4147,1,3,0,2,0
4149,1,3,0,2,0
4151,1,3,0,2,0
4153,1,3,0,2,0
4155,1,3,0,2,0
4157,1,3,0,2,0
4159,1,3,0,2,0
4161,1,3,0,2,0
4163,1,3,0,2,0
4165,1,3,0,2,0
4167,1,3,0,2,0
4169,1,3,0,2,0
4171,1,3,0,2,0
4173,1,3,0,2,0
4175,1,3,0,2,0
4177,1,3,0,2,0
4179,1,3,0,2,0
4181,1,3,0,2,0
4183,1,3,0,2,0
4185,1,3,0,2,0
4187,1,3,0,2,0
4189,1,3,0,2,0
4191,0,2,0,2,0
4193,0,2,0,2,0
4195,0,2,0,2,0
4197,0,2,0,2,0
4199,0,2,0,2,0
4201,0,2,0,2,0
4203,0,2,0,2,0
4205,0,2,0,2,0
4207,0,2,0,2,0
4209,0,2,0,2,0
4211,0,2,0,2,0
4213,0,2,0,2,0
4215,0,2,0,1,0
4217,1,2,0,2,0
4219,1,2,0,2,0
4221,1,2,0,2,0
4223,2,2,0,2,0
4225,2,2,0,2,0
4227,2,2,0,2,0
4229,2,2,0,2,0
4231,2,2,0,2,0
4233,2,2,0,2,0
4235,2,2,0,2,0
4237,2,2,0,2,0
4239,2,2,0,2,0
4241,2,2,0,2,0
4243,2,2,0,2,0
4245,2,2,0,2,0
4247,2,2,0,2,0
4249,2,2,0,2,0
4251,2,2,0,2,0
4253,2,2,0,2,0
4255,2,2,0,2,0
4257,2,2,0,2,0
4259,2,2,0,2,0
4261,2,2,0,2,0
4263,2,2,0,2,0
4265,2,2,0,2,0
4267,2,2,0,2,0
4269,2,2,0,2,0
4271,2,2,0,2,0
4273,2,2,0,2,0
4275,2,2,0,2,0
4277,2,2,0,2,0
4279,2,3,0,2,0
4281,2,3,0,2,0
4283,2,3,0,2,0
4285,2,3,0,2,0
4287,3,3,0,2,0
4289,3,3,0,2,0
4291,3,3,0,2,0
4293,3,3,0,2,0
4295,3,3,0,2,0
4297,3,3,0,2,0
4299,3,3,0,2,0
4301,3,3,0,2,0
4303,3,3,0,2,0
4305,3,3,0,2,0
4307,3,3,0,2,0
4309,3,3,0,2,0
4311,3,3,0,2,0
4313,3,3,0,2,0
4315,3,3,0,2,0
4317,2,3,0,2,0
4319,2,3,0,2,0
4321,2,3,0,2,0
4323,1,3,0,2,0
4325,1,3,0,2,0
4327,1,3,0,2,0
4329,1,3,0,2,0
4331,1,3,0,2,0
4333,1,3,0,2,0
4335,1,3,0,2,0
4337,1,3,0,2,0
4339,1,3,0,2,0
4341,1,3,0,2,0
4343,1,3,0,2,0
4345,1,3,0,2,0
4347,1,3,0,2,0
4349,1,3,0,2,0
4351,1,3,0,2,0
4353,1,3,0,2,0
4355,1,3,0,2,0
4357,1,3,0,2,0
4359,1,3,0,2,0
4361,1,3,0,3,0
4363,1,3,0,3,0
4365,1,3,0,3,0
4367,1,3,0,3,0
4369,1,3,0,3,0
4371,1,3,0,3,0
4373,1,4,0,3,0
4375,1,4,0,3,0
4377,1,4,0,3,0
4379,1,4,0,3,0
4381,1,4,0,3,0
4383,1,3,0,3,0
4385,1,3,0,3,0
4387,0,3,0,3,0
4389,0,3,0,3,0
4391,0,3,0,3,0
4393,0,3,0,2,0
4395,0,3,0,2,0
4397,0,3,0,2,0
4399,0,3,0,2,0
4401,0,3,0,2,0
4403,0,3,0,2,0
4405,0,3,0,3,0
4407,0,3,0,3,0
4409,0,3,0,3,0
4411,0,3,0,3,0
4413,0,3,0,2,0
4415,0,3,0,3,0
4417,0,3,0,3,0
4419,0,3,0,3,0
4421,0,4,0,3,0
4423,0,4,0,3,0
4425,0,3,0,3,0
4427,0,3,0,3,0
4429,0,3,0,3,0
4431,0,3,0,2,0
4433,0,3,0,2,0
4435,0,3,0,2,0
4437,0,3,0,2,0
4439,0,3,0,2,0
4441,0,3,0,2,0
4443,0,3,0,2,0
4445,0,3,0,2,0
4447,0,3,0,2,0
4449,0,3,0,2,0
4451,0,3,0,3,0
4453,0,3,0,2,0
4455,0,3,0,2,0
4457,0,3,0,2,0
4459,0,3,0,2,0
4461,0,3,0,2,0
4463,0,3,0,2,0
4465,0,3,0,2,0
4467,0,3,0,3,0
4469,0,3,0,3,0
4471,0,3,0,3,0
4473,0,3,0,2,0
4475,0,3,0,3,0
4477,0,3,0,3,0
4479,0,3,0,3,0
4481,0,3,0,3,0
4483,0,3,0,3,0
4485,0,3,0,2,0
4487,0,3,0,3,0
4489,0,3,0,3,0
4491,0,3,0,3,0
4493,0,3,0,3,0
4495,0,3,0,3,0
4497,0,3,0,3,0
4499,0,3,0,3,0
4501,0,3,0,3,0
4503,0,3,0,3,0
4505,0,3,0,3,0
4507,0,3,0,3,0
4509,0,3,0,2,0
4511,0,3,0,2,0
4513,0,3,0,3,0
4515,0,3,0,2,0
4517,0,3,0,3,0
4519,0,3,0,3,0
4521,0,3,0,3,0
4523,0,3,0,3,0
4525,0,3,0,3,0
4527,0,3,0,3,0
4529,0,3,0,3,0
4531,0,4,0,3,0
4533,0,4,0,3,0
4535,0,4,0,3,0
4537,0,4,0,3,0
4539,0,4,0,3,0
4541,0,4,0,3,0
4543,0,4,0,3,0
4545,0,3,0,3,0
4547,0,3,0,3,0
4549,0,3,0,3,0
4551,0,3,0,3,0
4553,0,3,0,3,0
4555,0,3,0,3,0
4557,0,3,0,3,0
4559,0,3,0,3,0
4561,0,4,0,3,0
4563,0,4,0,3,0
4565,0,4,0,3,0
4567,0,3,0,3,0
4569,0,3,0,3,0
4571,0,4,0,3,0
4573,0,4,0,3,0
4575,0,4,0,3,0
4577,0,4,0,3,0
4579,0,4,0,3,0
4581,0,4,0,3,0
4583,0,4,0,3,0
4585,0,4,0,3,0
4587,0,4,0,3,0
4589,0,4,0,3,0
4591,0,3,0,3,0
4593,0,3,0,3,0
4595,0,3,0,3,0
4597,0,3,0,3,0
4599,0,3,0,3,0
4601,0,3,0,3,0
4603,0,3,0,3,0
4605,0,3,0,3,0
4607,0,3,0,3,0
4609,0,3,0,3,0
4611,0,3,0,3,0
4613,0,3,0,3,0
4615,0,3,0,3,0
4617,0,3,0,2,0
4619,0,3,0,2,0
4621,0,3,0,2,0
4623,0,3,0,2,0
4625,0,4,0,2,0
4627,0,3,0,2,0
4629,0,3,0,2,0
4631,0,4,0,2,0
4633,0,4,0,2,0
4635,0,4,0,2,0
4637,0,4,0,2,0
4639,0,3,0,2,0
4641,0,3,0,2,0
4643,0,3,0,2,0
4645,0,3,0,2,0
4647,0,4,0,3,0
4649,0,4,0,3,0
4651,0,4,0,3,0
4653,0,3,0,3,0
4655,0,3,0,3,0
4657,0,4,0,3,0
4659,0,3,0,3,0
4661,0,3,0,3,0
4663,0,3,0,3,0
4665,0,3,0,2,0
4667,0,3,0,3,0
4669,0,3,0,3,0
4671,0,3,0,2,0
4673,0,3,0,2,0
4675,0,3,0,2,0
4677,0,3,0,2,0
4679,0,3,0,3,0
4681,0,3,0,3,0
4683,0,3,0,3,0
4685,0,4,0,3,0
4687,0,4,0,3,0
4689,0,4,0,3,0
4691,0,4,0,3,0
4693,0,4,0,3,0
4695,0,4,0,3,0
4697,0,4,0,3,0
4699,0,3,0,3,0
4701,0,3,0,3,0
4703,0,3,0,3,0
4705,0,3,0,3,0
4707,0,3,0,3,0
4709,0,3,0,3,0
4711,0,3,0,3,0
4713,0,3,0,3,0
4715,0,3,0,3,0
4717,0,4,0,3,0
4719,0,4,0,3,0
4721,0,4,0,3,0
4723,0,3,0,3,0
4725,0,3,0,3,0
4727,0,3,0,3,0
4729,0,3,0,3,0
4731,0,3,0,3,0
4733,0,3,0,3,0
4735,0,3,0,3,0
4737,0,3,0,3,0
4739,0,3,0,3,0
4741,0,3,0,3,0
4743,0,3,0,3,0
4745,0,4,0,3,0
4747,0,4,0,3,0
4749,0,4,0,3,0
4751,0,4,0,3,0
4753,0,4,0,3,0
4755,0,3,0,3,0
4757,0,4,0,3,0
4759,0,4,0,3,0
4761,0,4,0,3,0
4763,0,4,0,3,0
4765,0,4,0,3,0
4767,0,4,0,3,0
4769,0,4,0,3,0
4771,0,4,0,3,0
4773,0,4,0,3,0
4775,0,4,0,3,0
4777,0,4,0,3,0
4779,0,4,0,3,0
4781,0,4,0,2,0
4783,0,4,0,2,0
4785,0,3,0,2,0
4787,0,3,0,2,0
4789,0,3,0,2,0
4791,0,3,0,2,0
4793,0,3,0,2,0
4795,0,3,0,2,0
4797,0,3,0,2,0
4799,0,3,0,2,0
4801,0,3,0,2,0
4803,0,3,0,2,0
4805,0,3,0,2,0
4807,0,3,0,2,0
4809,0,3,0,2,0
4811,0,3,0,2,0
4813,0,3,0,2,0
4815,0,3,0,2,0
4817,0,3,0,2,0
4819,0,3,0,2,0
4821,0,3,0,2,0
4823,0,3,0,2,0
4825,0,3,0,2,0
4827,0,3,0,2,0
4829,0,3,0,2,0
4831,0,3,0,2,0
4833,0,3,0,2,0
4835,0,3,0,2,0
4837,0,3,0,2,0
4839,0,3,0,2,0
4841,0,3,0,2,0
4843,0,3,0,2,0
4845,0,3,0,2,0
4847,0,3,0,2,0
4849,0,3,0,2,0
4851,0,3,0,2,0
4853,0,3,0,2,0
4855,0,3,0,2,0
4857,0,3,0,2,0
4859,0,3,0,2,0
4861,0,3,0,2,0
4863,0,3,0,2,0
4865,0,3,0,2,0
4867,0,3,0,2,0
4869,0,3,0,2,0
4871,0,3,0,2,0
4873,0,3,0,2,0
4875,0,3,0,2,0
4877,0,3,0,2,0
4879,0,3,0,2,0
4881,0,3,0,2,0
4883,0,3,0,2,0
4885,0,3,0,2,0
4887,0,3,0,2,0
4889,0,3,0,2,0
4891,0,3,0,2,0
4893,0,3,0,2,0
4895,0,3,0,2,0
4897,0,3,0,2,0
4899,0,3,0,2,0
4901,0,3,0,2,0
4903,0,3,0,2,0
4905,0,3,0,2,0
4907,0,3,0,2,0
4909,0,3,0,2,0
4911,0,3,0,2,0
4913,0,3,0,2,0
4915,0,3,0,2,0
4917,0,3,0,2,0
4919,0,3,0,2,0
4921,0,3,0,2,0
4923,0,3,0,2,0
4925,0,3,0,2,0
4927,0,2,0,2,0
4929,0,2,0,2,0
4931,0,2,0,2,0
4933,0,2,0,2,0
4935,0,2,0,2,0
4937,0,2,0,2,0
4939,0,2,0,2,0
4941,0,2,0,2,0
4943,0,2,0,2,0
4945,0,2,0,2,0
4947,0,2,0,2,0
4949,1,2,0,2,0
4951,1,2,0,2,0
4953,1,2,0,2,0
4955,1,2,0,2,0
4957,1,2,0,1,0
4959,1,2,0,1,0
4961,1,2,0,1,0
4963,1,2,0,1,0
4965,1,2,0,1,0
4967,1,2,0,1,0
4969,1,2,0,1,0
4971,1,2,0,1,0
4973,1,2,0,1,0
4975,1,2,0,1,0
4977,1,2,0,1,0
4979,1,2,0,1,0
4981,1,2,0,1,0
4983,1,2,0,1,0
4985,1,2,0,1,0
4987,1,2,0,1,0
4989,1,2,0,1,0
4991,1,2,0,2,0
4993,1,3,0,2,0
4995,1,3,0,2,0
4997,1,3,0,2,0
4999,1,3,0,2,0
5001,1,2,0,2,0
5003,1,2,0,2,0
5005,1,3,0,2,0
5007,1,2,0,2,0
5009,1,3,0,2,0
5011,1,3,0,2,0
5013,1,3,0,2,0
5015,1,3,0,2,0
5017,1,3,0,2,0
5019,1,3,0,2,0
5021,1,3,0,2,0
5023,1,3,0,2,0
5025,1,3,0,2,0
5027,1,3,0,2,0
5029,1,3,0,2,0
5031,1,3,0,2,0
5033,1,3,0,2,0
5035,1,3,0,2,0
5037,1,3,0,2,0
5039,1,3,0,2,0
5041,1,3,0,2,0
5043,1,3,0,2,0
5045,1,3,0,2,0
5047,1,3,0,2,0
5049,0,2,0,2,0
5051,0,2,0,2,0
5053,0,2,0,2,0
5055,0,2,0,2,0
5057,0,2,0,2,0
5059,0,2,0,2,0
5061,0,2,0,2,0
5063,0,2,0,2,0
5065,0,3,0,2,0
5067,0,2,0,2,0
5069,0,3,0,2,0
5071,0,3,0,2,0
5073,0,3,0,2,0
5075,0,3,0,2,0
5077,0,3,0,2,0
5079,0,3,0,2,0
5081,0,3,0,2,0
5083,0,3,0,2,0
5085,0,3,0,2,0
5087,0,3,0,2,0
5089,0,3,0,2,0
5091,0,3,0,2,0
5093,0,3,0,2,0
5095,0,3,0,2,0
5097,0,3,0,2,0
5099,0,3,0,2,0
5101,0,3,0,2,0
5103,0,2,0,2,0
5105,0,2,0,2,0
5107,0,2,0,2,0
5109,0,2,0,2,0
5111,0,3,0,2,0
5113,0,3,0,2,0
5115,0,2,0,2,0
5117,0,2,0,2,0
5119,0,2,0,2,0
5121,0,2,0,1,0
5123,0,2,0,2,0
5125,0,2,0,2,0
5127,0,2,0,2,0
5129,0,2,0,2,0
5131,0,2,0,2,0
5133,0,2,0,2,0
5135,0,2,0,2,0
5137,0,2,0,2,0
5139,0,2,0,2,0
5141,0,2,0,2,0
5143,0,2,0,2,0
5145,0,2,0,2,0
5147,0,2,0,2,0
5149,0,2,0,2,0
5151,0,2,0,2,0
5153,0,2,0,2,0
5155,0,2,0,2,0
5157,0,2,0,2,0
5159,0,2,0,2,0
5161,0,2,0,1,0
5163,0,2,0,1,0
5165,0,2,0,2,0
5167,0,2,0,1,0
5169,0,2,0,1,0
5171,0,2,0,1,0
5173,0,2,0,1,0
5175,0,2,0,1,0
5177,0,2,0,1,0
5179,0,2,0,2,0
5181,0,2,0,2,0
5183,0,2,0,2,0
5185,0,2,0,2,0
5187,0,2,0,2,0
5189,0,2,0,2,0
5191,0,2,0,2,0
5193,0,2,0,1,0
5195,0,2,0,2,0
5197,0,2,0,2,0
5199,0,2,0,1,0
5201,0,2,0,2,0
5203,0,2,0,2,0
5205,0,2,0,2,0
5207,0,2,0,2,0
5209,0,2,0,2,0
5211,0,2,0,2,0
5213,0,2,0,2,0
5215,0,2,0,2,0
5217,0,2,0,2,0
5219,0,2,0,2,0
5221,0,2,0,2,0
5223,0,2,0,2,0
5225,0,2,0,2,0
5227,0,2,0,2,0
5229,0,2,0,2,0
5231,0,2,0,2,0
5233,0,2,0,2,0
5235,0,2,0,2,0
5237,0,2,0,2,0
5239,0,2,0,2,0
5241,0,2,0,2,0
5243,0,2,0,2,0
5245,0,2,0,2,0
5247,0,3,0,2,0
5249,0,3,0,2,0
5251,0,3,0,2,0
5253,0,3,0,2,0
5255,0,3,0,2,0
5257,0,3,0,2,0
5259,0,3,0,2,0
5261,0,3,0,2,0
5263,0,3,0,2,0
5265,0,3,0,2,0
5267,0,3,0,2,0
5269,0,3,0,2,0
5271,0,3,0,2,0
5273,0,3,0,2,0
5275,0,3,0,2,0
5277,0,3,0,2,0
5279,0,3,0,2,0
5281,0,3,0,2,0
5283,0,3,0,2,0
5285,0,3,0,2,0
5287,0,3,0,2,0
5289,1,3,0,2,0
5291,1,3,0,2,0
5293,1,2,0,2,0
5295,1,2,0,2,0
5297,1,2,0,2,0
5299,1,2,0,2,0
5301,1,2,0,2,0
5303,1,2,0,2,0
5305,1,2,0,2,0
5307,1,2,0,2,0
5309,1,2,0,2,0
5311,1,2,0,2,0
5313,1,2,0,2,0
5315,1,2,0,2,0
5317,1,2,0,2,0
5319,1,2,0,2,0
5321,1,2,0,2,0
5323,1,2,0,2,0
5325,1,2,0,2,0
5327,1,2,0,2,0
5329,1,2,0,2,0
5331,1,2,0,2,0
5333,1,2,0,2,0
5335,1,2,0,2,0
5337,1,2,0,2,0
5339,1,2,0,2,0
5341,1,2,0,2,0
5343,1,2,0,2,0
5345,1,2,0,2,0
5347,1,2,0,2,0
5349,1,2,0,2,0
5351,1,2,0,2,0
5353,1,2,0,2,0
5355,1,2,0,2,0
5357,1,2,0,2,0
5359,1,2,0,2,0
5361,1,2,0,2,0
5363,1,2,0,2,0
5365,1,2,0,2,0
5367,1,2,0,2,0
5369,1,2,0,2,0
5371,1,2,0,2,0
5373,1,2,0,2,0
5375,1,2,0,2,0
5377,1,2,0,2,0
5379,1,2,0,2,0
5381,1,2,0,2,0
5383,1,2,0,2,0
5385,1,2,0,2,0
5387,1,2,0,2,0
5389,0,2,0,2,0
5391,0,2,0,2,0
5393,0,2,0,2,0
5395,0,2,0,2,0
5397,0,2,0,2,0
5399,0,2,0,2,0
5401,0,2,0,2,0
5403,0,2,0,2,0
5405,0,2,0,2,0
5407,0,2,0,2,0
5409,0,2,0,2,0
5411,0,2,0,2,0
5413,0,2,0,2,0
5415,0,2,0,2,0
5417,0,2,0,2,0
5419,0,2,0,2,0
5421,0,2,0,2,0
5423,0,2,0,2,0
5425,0,3,0,2,0
5427,0,3,0,2,0
5429,0,3,0,2,0
5431,0,3,0,2,0
5433,0,3,0,2,0
5435,0,3,0,2,0
5437,0,3,0,2,0
5439,0,3,0,2,0
5441,0,3,0,2,0
5443,0,3,0,2,0
5445,0,3,0,2,0
5447,0,3,0,2,0
5449,0,3,0,2,0
5451,0,3,0,2,0
5453,0,3,0,2,0
5455,0,3,0,2,0
5457,0,3,0,2,0
5459,0,3,0,2,0
5461,0,3,0,2,0
5463,0,3,0,2,0
5465,0,3,0,2,0
5467,0,3,0,2,0
5469,0,3,0,2,0
5471,0,3,0,2,0
5473,0,3,0,2,0
5475,0,3,0,2,0
5477,0,3,0,2,0
5479,0,3,0,2,0
5481,0,3,0,2,0
5483,0,2,0,2,0
5485,0,3,0,2,0
5487,0,2,0,2,0
5489,0,2,0,2,0
5491,0,2,0,2,0
5493,0,2,0,2,0
5495,0,2,0,2,0
5497,0,2,0,2,0
5499,0,2,0,2,0
5501,0,2,0,2,0
5503,0,2,0,2,0
5505,0,2,0,2,0
5507,0,2,0,2,0
5509,0,2,0,2,0
5511,0,2,0,2,0
5513,0,2,0,2,0
5515,0,2,0,2,0
5517,0,2,0,2,0
5519,0,2,0,2,0
5521,0,2,0,2,0
5523,0,2,0,2,0
5525,0,2,0,2,0
5527,0,2,0,2,0
5529,0,2,0,2,0
5531,0,2,0,2,0
5533,1,2,0,2,0
5535,1,2,0,2,0
5537,1,2,0,2,0
5539,1,2,0,2,0
5541,1,2,0,2,0
5543,1,2,0,2,0
5545,1,2,0,2,0
5547,1,2,0,2,0
5549,1,2,0,2,0
5551,1,2,0,2,0
5553,1,2,0,2,0
5555,1,2,0,2,0
5557,1,2,0,2,0
5559,1,2,0,2,0
5561,1,2,0,2,0
5563,1,2,0,2,0
5565,1,2,0,2,0
5567,1,2,0,2,0
5569,1,2,0,2,0
5571,1,2,0,2,0
5573,1,2,0,2,0
5575,1,2,0,2,0
5577,1,2,0,2,0
5579,1,2,0,2,0
5581,1,2,0,2,0
5583,1,2,0,2,0
5585,1,2,0,2,0
5587,1,2,0,2,0
5589,1,2,0,2,0
5591,1,2,0,2,0
5593,1,2,0,2,0
5595,1,2,0,2,0
5597,1,2,0,2,0
5599,1,2,0,2,0
5601,1,2,0,2,0
5603,1,2,0,2,0
5605,1,2,0,1,0
5607,1,2,0,1,0
5609,1,2,0,1,0
5611,1,2,0,1,0
5613,1,2,0,1,0
5615,1,2,0,1,0
5617,1,2,0,1,0
5619,1,2,0,1,0
5621,1,2,0,1,0
5623,1,2,0,1,0
5625,1,2,0,1,0
5627,1,2,0,1,0
5629,1,2,0,1,0
5631,1,2,0,1,0
5633,0,2,0,1,0
5635,0,2,0,1,0
5637,0,2,0,1,0
5639,0,2,0,1,0
5641,0,2,0,1,0
5643,0,2,0,1,0
5645,0,2,0,1,0
5647,0,2,0,1,0
5649,0,2,0,1,0
5651,0,2,0,1,0
5653,0,2,0,1,0
5655,0,2,0,1,0
5657,0,2,0,1,0
5659,0,2,0,1,0
5661,0,2,0,1,0
5663,0,2,0,1,0
5665,0,2,0,1,0
5667,0,2,0,1,0
5669,0,2,0,1,0
5671,0,2,0,1,0
5673,0,2,0,1,0
5675,0,2,0,1,0
5677,0,2,0,1,0
5679,0,2,0,1,0
5681,0,2,0,1,0
5683,0,2,0,1,0
5685,0,2,0,1,0
5687,0,2,0,1,0
5689,0,2,0,1,0
5691,0,2,0,1,0
5693,0,2,0,1,0
5695,0,2,0,1,0
5697,0,2,0,1,0
5699,0,2,0,1,0
5701,0,2,0,1,0
5703,0,2,0,1,0
5705,0,2,0,1,0
5707,0,2,0,1,0
5709,0,2,0,1,0
5711,0,2,0,2,0
5713,0,2,0,2,0
5715,0,2,0,2,0
5717,0,3,0,2,0
5719,0,3,0,2,0
5721,0,2,0,2,0
5723,0,2,0,2,0
5725,0,2,0,2,0
5727,0,2,0,2,0
5729,0,2,0,2,0
5731,0,3,0,2,0
5733,0,3,0,2,0
5735,0,3,0,2,0
5737,0,3,0,2,0
5739,0,2,0,2,0
5741,0,2,0,2,0
5743,0,3,0,2,0
5745,0,3,0,2,0
5747,0,3,0,2,0
5749,0,3,0,2,0
5751,0,3,0,2,0
5753,0,3,0,2,0
5755,0,2,0,2,0
5757,0,2,0,2,0
5759,0,3,0,2,0
5761,0,3,0,2,0
5763,0,3,0,2,0
5765,0,3,0,2,0
5767,0,3,0,2,0
5769,0,3,0,2,0
5771,0,3,0,2,0
5773,0,3,0,2,0
5775,0,3,0,2,0
5777,0,3,0,2,0
5779,0,3,0,2,0
5781,0,3,0,2,0
5783,0,3,0,2,0
5785,0,3,0,2,0
5787,0,3,0,2,0
5789,0,3,0,2,0
5791,0,3,0,2,0
5793,0,3,0,2,0
5795,0,3,0,2,0
5797,0,3,0,2,0
5799,0,3,0,2,0
5801,0,3,0,2,0
5803,0,3,0,2,0
5805,0,3,0,2,0
5807,0,3,0,2,0
5809,0,3,0,2,0
5811,0,3,0,2,0
5813,0,3,0,2,0
5815,0,2,0,2,0
5817,0,2,0,2,0
5819,0,2,0,2,0
5821,0,2,0,2,0
5823,0,2,0,2,0
5825,0,3,0,2,0
5827,0,3,0,2,0
5829,0,3,0,2,0
5831,0,3,0,2,0
5833,0,3,0,2,0
5835,0,2,0,2,0
5837,0,3,0,2,0
5839,0,3,0,2,0
5841,0,3,0,2,0
5843,0,3,0,2,0
5845,0,3,0,2,0
5847,0,3,0,2,0
5849,0,3,0,2,0
5851,0,3,0,2,0
5853,0,3,0,2,0
5855,0,3,0,2,0
5857,0,3,0,2,0
5859,0,3,0,2,0
5861,0,3,0,2,0
5863,0,3,0,2,0
5865,0,3,0,2,0
5867,0,3,0,2,0
5869,0,3,0,2,0
5871,0,3,0,2,0
5873,0,3,0,2,0
5875,0,3,0,2,0
5877,0,3,0,2,0
5879,0,3,0,2,0
5881,0,3,0,2,0
5883,0,2,0,2,0
5885,0,2,0,2,0
5887,0,2,0,2,0
5889,0,2,0,2,0
5891,0,2,0,2,0
5893,0,2,0,2,0
5895,0,2,0,2,0
5897,0,3,0,2,0
5899,0,3,0,2,0
5901,0,2,0,2,0
5903,0,2,0,2,0
5905,0,3,0,2,0
5907,0,3,0,2,0
5909,0,3,0,2,0
5911,0,3,0,2,0
5913,0,3,0,2,0
5915,0,3,0,2,0
5917,0,3,0,2,0
5919,0,3,0,2,0
5921,0,3,0,2,0
5923,0,3,0,2,0
5925,0,3,0,2,0
5927,0,3,0,2,0
5929,0,3,0,2,0
5931,0,3,0,2,0
5933,0,3,0,2,0
5935,0,3,0,2,0
5937,0,3,0,2,0
5939,0,3,0,2,0
5941,0,3,0,2,0
5943,0,3,0,2,0
5945,0,2,0,2,0
5947,0,3,0,2,0
5949,0,3,0,2,0
5951,0,3,0,2,0
5953,0,3,0,2,0
5955,0,3,0,2,0
5957,0,3,0,2,0
5959,0,3,0,2,0
5961,0,3,0,2,0
5963,0,3,0,2,0
5965,0,3,0,2,0
5967,0,3,0,2,0
5969,0,3,0,2,0
5971,0,3,0,2,0
5973,0,3,0,2,0
5975,0,3,0,2,0
5977,0,3,0,2,0
5979,0,2,0,2,0
5981,0,2,0,2,0
5983,0,2,0,2,0
5985,0,2,0,2,0
5987,0,2,0,2,0
5989,0,3,0,2,0
5991,0,3,0,2,0
5993,0,3,0,2,0
5995,0,3,0,2,0
5997,0,3,0,2,0
5999,0,3,0,2,0
6001,0,3,0,2,0
6003,0,3,0,2,0
6005,0,3,0,2,0
6007,0,3,0,2,0
6009,0,3,0,2,0
6011,0,3,0,2,0
6013,0,3,0,2,0
6015,0,3,0,2,0
6017,0,3,0,2,0
6019,0,3,0,2,0
6021,0,3,0,2,0
6023,0,3,0,2,0
6025,0,3,0,2,0
6027,0,3,0,2,0
6029,0,3,0,2,0
6031,0,3,0,2,0
6033,0,3,0,2,0
6035,0,3,0,2,0
6037,0,3,0,2,0
6039,0,3,0,2,0
6041,0,3,0,2,0
6043,0,3,0,2,0
6045,0,3,0,2,0
6047,0,3,0,2,0
6049,0,3,0,2,0
6051,0,3,0,2,0
6053,0,3,0,2,0
6055,0,3,0,2,0
6057,0,2,0,2,0
6059,0,2,0,2,0
6061,0,2,0,2,0
6063,0,2,0,2,0
6065,0,2,0,2,0
6067,0,3,0,2,0
6069,0,3,0,2,0
6071,0,3,0,2,0
6073,0,3,0,2,0
6075,0,3,0,2,0
6077,0,3,0,2,0
6079,0,3,0,2,0
6081,1,3,0,2,0
6083,1,3,0,2,0
6085,1,3,0,2,0
6087,1,3,0,2,0
6089,1,3,0,2,0
6091,1,3,0,2,0
6093,1,3,0,2,0
6095,1,3,0,2,0
6097,1,3,0,2,0
6099,1,3,0,2,0
6101,1,3,0,2,0
6103,1,3,0,2,0
6105,1,3,0,2,0
6107,1,3,0,2,0
6109,1,2,0,2,0
6111,1,2,0,2,0
6113,1,2,0,2,0
6115,1,2,0,2,0
6117,1,2,0,2,0
6119,1,2,0,2,0
6121,1,2,0,2,0
6123,1,2,0,2,0
6125,1,3,0,2,0
6127,1,3,0,2,0
6129,1,2,0,2,0
6131,1,3,0,2,0
6133,1,3,0,2,0
6135,1,3,0,2,0
6137,1,3,0,2,0
6139,1,3,0,2,0
6141,1,3,0,2,0
6143,1,3,0,2,0
6145,1,2,0,2,0
6147,1,2,0,2,0
6149,1,2,0,2,0
6151,1,2,0,2,0
6153,1,2,0,2,0
6155,1,2,0,2,0
6157,1,2,0,2,0
6159,1,2,0,2,0
6161,1,2,0,2,0
6163,1,2,0,2,0
6165,1,2,0,2,0
6167,1,2,0,2,0
6169,1,2,0,2,0
6171,1,2,0,2,0
6173,1,2,0,2,0
6175,1,2,0,2,0
6177,1,2,0,1,0
6179,1,2,0,1,0
6181,0,2,0,1,0
6183,0,2,0,1,0
6185,0,2,0,1,0
6187,0,2,0,1,0
6189,0,2,0,1,0
6191,0,2,0,1,0
6193,0,2,0,1,0
6195,0,2,0,1,0
6197,0,2,0,1,0
6199,0,2,0,1,0
6201,0,2,0,1,0
6203,0,2,0,1,0
6205,0,2,0,1,0
6207,0,2,0,1,0
6209,0,2,0,1,0
6211,0,2,0,1,0
6213,0,2,0,1,0
6215,0,2,0,1,0
6217,0,2,0,1,0
6219,0,2,0,1,0
6221,0,2,0,1,0
6223,0,2,0,1,0
6225,0,2,0,1,0
6227,0,1,0,1,0
6229,0,1,0,1,0
6231,0,1,0,1,0
6233,0,1,0,1,0
6235,0,2,0,1,0
6237,0,1,0,1,0
6239,0,1,0,1,0
6241,0,2,0,1,0
6243,0,2,0,1,0
6245,0,2,0,1,0
6247,0,2,0,1,0
6249,0,1,0,1,0
6251,0,1,0,1,0
6253,0,2,0,1,0
6255,0,2,0,1,0
6257,0,2,0,1,0
6259,0,2,0,1,0
6261,0,2,0,1,0
6263,0,2,0,1,0
6265,0,2,0,1,0
6267,0,2,0,1,0
6269,0,2,0,1,0
6271,0,2,0,1,0
6273,0,2,0,1,0
6275,0,2,0,1,0
6277,0,2,0,1,0
6279,0,2,0,1,0
6281,0,2,0,1,0
6283,0,2,0,1,0
6285,0,2,0,1,0
6287,0,2,0,1,0
6289,0,2,0,1,0
6291,0,2,0,1,0
6293,0,2,0,1,0
6295,0,2,0,1,0
6297,0,2,0,1,0
6299,0,2,0,1,0
6301,0,2,0,1,0
6303,0,2,0,1,0
6305,0,2,0,1,0
6307,0,2,0,1,0
6309,0,2,0,1,0
6311,0,2,0,1,0
6313,0,2,0,1,0
6315,0,2,0,1,0
6317,0,2,0,1,0
6319,0,2,0,1,0
6321,0,2,0,1,0
6323,0,2,0,1,0
6325,0,2,0,1,0
6327,0,2,0,1,0
6329,0,2,0,1,0
6331,0,2,0,1,0
6333,0,2,0,1,0
6335,0,2,0,1,0
6337,0,2,0,1,0
6339,0,2,0,1,0
6341,0,2,0,1,0
6343,0,2,0,1,0
6345,0,2,0,1,0
6347,0,2,0,1,0
6349,0,2,0,1,0
6351,0,2,0,1,0
6353,0,2,0,1,0
6355,0,2,0,1,0
6357,0,2,0,1,0
6359,0,2,0,1,0
6361,0,2,0,1,0
6363,0,2,0,1,0
6365,0,2,0,1,0
6367,0,2,0,1,0
6369,0,2,0,1,0
6371,0,2,0,1,0
6373,0,2,0,1,0
6375,0,2,0,1,0
6377,0,2,0,1,0
6379,0,2,0,1,0
6381,0,2,0,1,0
6383,0,2,0,1,0
6385,0,2,0,1,0
6387,0,2,0,1,0
6389,0,2,0,1,0
6391,0,2,0,1,0
6393,0,2,0,1,0
6395,0,2,0,1,0
6397,0,2,0,1,0
6399,0,2,0,1,0
6401,0,2,0,1,0
6403,0,2,0,1,0
6405,0,2,0,1,0
6407,0,2,0,1,0
6409,0,2,0,1,0
6411,0,2,0,1,0
6413,0,2,0,1,0
6415,0,2,0,1,0
6417,0,2,0,2,0
6419,0,2,0,2,0
6421,0,2,0,2,0
6423,0,2,0,2,0
6425,0,2,0,2,0
6427,0,2,0,1,0
6429,0,2,0,1,0
6431,0,2,0,1,0
6433,0,2,0,1,0
6435,0,2,0,1,0
6437,0,2,0,1,0
6439,0,2,0,1,0
6441,0,2,0,1,0
6443,0,2,0,1,0
6445,0,2,0,1,0
6447,0,2,0,1,0
6449,0,2,0,1,0
6451,0,2,0,1,0
6453,0,2,0,1,0
6455,0,2,0,1,0
6457,0,2,0,1,0
6459,0,2,0,1,0
6461,0,2,0,1,0
6463,0,2,0,1,0
6465,0,2,0,1,0
6467,0,2,0,1,0
6469,0,2,0,1,0
6471,0,2,0,1,0
6473,0,2,0,1,0
6475,0,2,0,1,0
6477,0,2,0,1,0
6479,0,2,0,1,0
6481,0,2,0,1,0
6483,0,2,0,1,0
6485,0,2,0,1,0
6487,0,2,0,1,0
6489,0,2,0,1,0
6491,0,2,0,1,0
6493,0,2,0,1,0
6495,0,1,0,1,0
6497,0,2,0,1,0
6499,0,2,0,1,0
6501,0,2,0,1,0
6503,0,2,0,1,0
6505,0,2,0,1,0
6507,0,2,0,1,0
6509,0,2,0,1,0
6511,0,2,0,1,0
6513,0,2,0,1,0
6515,0,2,0,1,0
6517,0,2,0,1,0
6519,0,2,0,1,0
6521,0,2,0,1,0
6523,0,2,0,1,0
6525,0,2,0,1,0
6527,0,2,0,1,0
6529,0,2,0,1,0
6531,0,2,0,1,0
6533,0,2,0,1,0
6535,0,2,0,1,0
6537,0,2,0,1,0
6539,0,2,0,1,0
6541,0,2,0,1,0
6543,0,2,0,1,0
6545,0,2,0,1,0
6547,0,2,0,1,0
6549,0,2,0,1,0
6551,0,2,0,1,0
6553,0,2,0,1,0
6555,0,2,0,1,0
6557,0,2,0,1,0
6559,0,2,0,1,0
6561,0,2,0,1,0
6563,0,2,0,1,0
6565,0,2,0,1,0
6567,0,2,0,1,0
6569,0,2,0,1,0
6571,0,2,0,1,0
6573,0,2,0,1,0
6575,0,2,0,1,0
6577,0,2,0,1,0
6579,0,2,0,1,0
6581,0,2,0,1,0
6583,0,2,0,1,0
6585,0,2,0,1,0
6587,0,2,0,1,0
6589,0,2,0,1,0
6591,0,2,0,1,0
6593,0,2,0,1,0
6595,0,2,0,1,0
6597,0,2,0,1,0
6599,0,2,0,1,0
6601,0,2,0,1,0
6603,0,2,0,1,0
6605,0,2,0,1,0
6607,0,2,0,1,0
6609,0,2,0,1,0
6611,0,2,0,1,0
6613,0,2,0,1,0
6615,0,2,0,1,0
6617,0,2,0,1,0
6619,0,2,0,1,0
6621,0,2,0,1,0
6623,0,2,0,1,0
6625,0,2,0,1,0
6627,0,2,0,1,0
6629,0,2,0,1,0
6631,0,2,0,1,0
6633,0,2,0,1,0
6635,0,2,0,1,0
6637,0,2,0,1,0
6639,0,2,0,1,0
6641,0,2,0,1,0
6643,0,2,0,1,0
6645,0,2,0,1,0
6647,0,2,0,1,0
6649,0,2,0,1,0
6651,0,2,0,1,0
6653,0,2,0,1,0
6655,0,2,0,1,0
6657,0,2,0,1,0
6659,0,2,0,1,0
6661,0,2,0,1,0
6663,0,2,0,1,0
6665,0,2,0,1,0
6667,0,2,0,1,0
6669,0,2,0,1,0
6671,0,2,0,1,0
6673,0,2,0,1,0
6675,0,2,0,1,0
6677,0,2,0,1,0
6679,0,2,0,1,0
6681,0,2,0,1,0
6683,0,2,0,1,0
6685,0,2,0,1,0
6687,0,2,0,1,0
6689,0,2,0,1,0
6691,0,2,0,1,0
6693,0,2,0,1,0
6695,0,2,0,1,0
6697,0,2,0,1,0
6699,0,2,0,1,0
6701,0,2,0,1,0
6703,0,2,0,1,0
6705,0,2,0,1,0
6707,0,2,0,1,0
6709,0,2,0,1,0
6711,0,2,0,1,0
6713,0,2,0,1,0
6715,0,2,0,1,0
6717,0,2,0,1,0
6719,0,2,0,1,0
6721,0,2,0,1,0
6723,0,2,0,1,0
6725,0,2,0,1,0
6727,0,2,0,1,0
6729,0,2,0,1,0
6731,0,2,0,1,0
6733,0,2,0,1,0
6735,0,2,0,1,0
6737,0,2,0,1,0
6739,0,2,0,1,0
6741,0,2,0,1,0
6743,0,2,0,1,0
6745,0,2,0,1,0
6747,0,2,0,1,0
6749,0,2,0,1,0
6751,0,2,0,1,0
6753,0,2,0,1,0
6755,0,2,0,1,0
6757,0,2,0,1,0
6759,0,2,0,1,0
6761,0,2,0,1,0
6763,0,2,0,1,0
6765,0,2,0,1,0
6767,0,2,0,1,0
6769,0,2,0,1,0
6771,0,2,0,1,0
6773,0,2,0,1,0
6775,0,2,0,1,0
6777,0,2,0,1,0
6779,0,2,0,1,0
6781,0,2,0,1,0
6783,0,1,0,1,0
6785,0,1,0,1,0
6787,0,1,0,1,0
6789,0,1,0,1,0
6791,0,1,0,1,0
6793,0,1,0,1,0
6795,0,1,0,1,0
6797,0,1,0,1,0
6799,0,1,0,1,0
6801,0,1,0,1,0
6803,0,1,0,1,0
6805,0,1,0,1,0
6807,0,1,0,1,0
6809,0,1,0,1,0
6811,0,1,0,1,0
6813,0,1,0,1,0
6815,0,1,0,1,0
6817,0,1,0,1,0
6819,0,1,0,1,0
6821,0,1,0,1,0
6823,0,1,0,1,0
6825,0,1,0,1,0
6827,0,1,0,1,0
6829,0,1,0,1,0
6831,0,1,0,1,0
6833,0,1,0,1,0
6835,0,1,0,1,0
6837,0,1,0,1,0
6839,0,1,0,1,0
6841,0,1,0,1,0
6843,0,1,0,1,0
6845,0,1,0,1,0
6847,0,1,0,1,0
6849,0,1,0,1,0
6851,0,1,0,1,0
6853,0,1,0,1,0
6855,0,1,0,1,0
6857,0,1,0,1,0
6859,0,1,0,1,0
6861,0,1,0,1,0
6863,0,1,0,1,0
6865,0,1,0,1,0
6867,0,1,0,1,0
6869,0,1,0,1,0
6871,0,1,0,1,0
6873,0,1,0,1,0
6875,0,1,0,1,0
6877,0,1,0,1,0
6879,0,1,0,1,0
6881,0,1,0,1,0
6883,0,1,0,1,0
6885,0,1,0,1,0
6887,0,1,0,1,0
6889,0,1,0,1,0
6891,0,1,0,1,0
6893,0,1,0,1,0
6895,0,1,0,1,0
6897,0,1,0,1,0
6899,0,1,0,1,0
6901,0,1,0,1,0
6903,0,1,0,1,0
6905,0,1,0,1,0
6907,0,1,0,1,0
6909,0,1,0,1,0
6911,0,1,0,1,0
6913,0,1,0,1,0
6915,0,1,0,1,0
6917,0,1,0,0,0
6919,0,1,0,0,0
6921,0,1,0,0,0
6923,0,1,0,0,0
6925,0,1,0,0,0
6927,0,1,0,0,0
6929,0,1,0,0,0
6931,0,1,0,0,0
6933,0,1,0,0,0
6935,0,1,0,0,0
6937,0,1,0,0,0
6939,0,1,0,0,0
6941,0,1,0,0,0
6943,0,1,0,0,0
6945,0,1,0,0,0
6947,0,1,0,0,0
6949,0,1,0,0,0
6951,0,1,0,0,0
6953,0,1,0,0,0
6955,0,1,0,0,0
6957,0,1,0,0,0
6959,0,1,0,0,0
6961,0,1,0,0,0
6963,0,1,0,0,0
6965,0,1,0,0,0
6967,0,1,0,0,0
6969,0,1,0,0,0
6971,0,1,0,0,0
6973,0,1,0,0,0
6975,0,1,0,0,0
6977,0,1,0,0,0
6979,0,1,0,0,0
6981,0,1,0,0,0
6983,0,1,0,0,0
6985,0,0,0,0,0
6987,0,0,0,0,0
6989,0,0,0,0,0
6991,0,0,0,0,0
6993,0,0,0,0,0
6995,0,0,0,0,0
6997,0,0,0,0,0
6999,0,0,0,0,0
7001,0,0,0,0,0
7003,0,0,0,0,0
7005,0,0,0,0,0
7007,0,0,0,0,0
7009,0,0,0,0,0
7011,0,0,0,0,0
7013,0,0,0,0,0
7015,0,0,0,0,0
7017,0,0,0,0,0
7019,0,0,0,0,0
